symbol,groww_slug
20MICRONS,20-microns-ltd
21STCENMGM,21st-century-management-services-ltd
360ONE,360-one-wam-ltd
3BBLACKBIO,3b-blackbio-dx-ltd
3IINFOLTD,3i-infotech-ltd
3MINDIA,3m-india-ltd
3PLAND,3p-land-holdings-ltd
5PAISA,5paisa-capital-ltd
63MOONS,63-moons-technologies-ltd
A2ZINFRA,a2z-infra-engineering-ltd
AAATECH,aaa-technologies-ltd
AADHARHFC,aadhar-housing-finance-ltd
AAKASH,aakash-exploration-services-ltd
AAREYDRUGS,aarey-drugs-pharmaceuticals-ltd
AARNAV,aarnav-fashions-ltd
AARON,aaron-industries-ltd
AARTECH,aartech-solonics-ltd
AARTIDRUGS,aarti-drugs-ltd
AARTIIND,aarti-industries-ltd
AARTIPHARM,aarti-pharmalabs-ltd
AARTISURF,aarti-surfactants-ltd
AARVI,aarvi-encon-ltd
AASTHA,aastha-spintex-ltd
AAVAS,aavas-financiers-ltd
ABAN,aban-offshore-ltd
ABANSENT,abans-enterprises-ltd
ABB,abb-india-ltd
ABBOTINDIA,abbott-india-ltd
ABCAPITAL,aditya-birla-capital-ltd
ABCOTS,a-b-cotspin-india-ltd
ABDL,allied-blenders-and-distillers-ltd
ABFRL,aditya-birla-fashion-and-retail-ltd
ABINFRA,a-b-infrabuild-ltd
ABLBL,aditya-birla-lifestyle-brands-ltd
ABMINTLLTD,abm-international-ltd
ABMKNO,abm-knowledgeware-ltd
ABREL,aditya-birla-real-estate-ltd
ABSLAMC,aditya-birla-sun-life-amc-ltd
ACC,acc-ltd
ACCELYA,accelya-solutions-india-ltd
ACCURACY,accuracy-shipping-ltd
ACE,action-construction-equipment-ltd
ACEINTEG,ace-integrated-solutions-ltd
ACGL,automobile-corporation-of-goa-ltd
ACI,archean-chemical-industries-ltd
ACL,andhra-cements-ltd
ACMESOLAR,acme-solar-holdings-ltd
ACSTECH,acs-technologies-ltd
ACUTAAS,acutaas-chemicals-ltd
ADANIENSOL,adani-energy-solutions-ltd
ADANIENT,adani-enterprises-ltd
ADANIGREEN,adani-green-energy-ltd
ADANIPORTS,adani-ports-and-special-economic-zone-ltd
ADANIPOWER,adani-power-ltd
ADDIND,addi-industries-ltd
ADFFOODS,adf-foods-ltd
ADL,archidply-decor-ltd
ADOR,ador-welding-ltd
ADROITINFO,adroit-infotech-ltd
ADSL,allied-digital-services-ltd
ADVAIT,advait-energy-transitions-ltd
ADVANCE,advance-agrolife-ltd
ADVANIHOTR,advani-hotels-resorts-india-ltd
ADVENTHTL,advent-hotels-international-ltd
ADVENZYMES,advanced-enzyme-technologies-ltd
ADVIKCA,advik-capital-ltd
AEGISLOG,aegis-logistics-ltd
AEGISVOPAK,aegis-vopak-terminals-ltd
AEPL,artemis-electricals-and-projects-ltd
AEQUS,aequs-ltd
AEROENTER,aeroflex-enterprises-ltd
AEROFLEX,aeroflex-industries-ltd
AERONEU,aeroflex-neu-ltd
AEROPLANE,amir-chand-jagdish-kumar-exports-ltd
AETHER,aether-industries-ltd
AFCONS,afcons-infrastructure-ltd
AFFLE,affle-3i-ltd
AFFORDABLE,affordable-robotic-automation-ltd
AFIL,akme-fintrade-india-ltd
AFSL,abans-financial-services-ltd
AGARIND,agarwal-industrial-corporation-ltd
AGARWALEYE,dr-agarwal-s-health-care-ltd
AGI,agi-greenpac-ltd
AGIIL,agi-infra-ltd
AGL,allcargo-global-ltd
AGRITECH,agri-tech-india-ltd
AGROPHOS,agro-phos-india-ltd
AGSTRA,ags-transact-technologies-ltd
AHCL,anlon-healthcare-ltd
AHLADA,ahlada-engineers-ltd
AHLEAST,asian-hotels-east-ltd
AHLUCONT,ahluwalia-contracts-india-ltd
AHLWEST,asian-hotels-west-ltd
AIAENG,aia-engineering-ltd
AIIL,authum-investment-infrastructure-ltd
AIRAN,airan-ltd
AIROLAM,airo-lam-ltd
AJANTPHARM,ajanta-pharma-ltd
AJAXENGG,ajax-engineering-ltd
AJMERA,ajmera-realty-infra-india-ltd
AJOONI,ajooni-biotech-ltd
AKASH,akash-infra-projects-ltd
AKCAPIT,ak-capital-services-ltd
AKG,akg-exim-ltd
AKI,aki-india-ltd
AKSHAR,akshar-spintex-ltd
AKSHARCHEM,aksharchem-india-ltd
AKSHOPTFBR,aksh-optifibre-ltd
AKUMS,akums-drugs-and-pharmaceuticals-ltd
ALANKIT,alankit-ltd
ALBERTDAVD,albert-david-ltd
ALEMBICLTD,alembic-ltd
ALFREDHE,alfred-herbert-india-ltd
ALGOQUANT,algoquant-fintech-ltd
ALICON,alicon-castalloy-ltd
ALIVUS,alivus-life-sciences-ltd
ALKALI,alkali-metals-ltd
ALKEM,alkem-laboratories-ltd
ALKYLAMINE,alkyl-amines-chemicals-ltd
ALLCARGO,allcargo-logistics-ltd
ALLDIGI,alldigi-tech-ltd
ALLTIME,all-time-plastics-ltd
ALMONDZ,almondz-global-securities-ltd
ALOKINDS,alok-industries-ltd
ALPA,alpa-laboratories-ltd
ALPHAGEO,alphageo-india-ltd
ALPINETEX,alpine-texworld-ltd
ALUFLUOR,alufluoride-ltd
AMAGI,amagi-media-labs-ltd
AMAL,amal-ltd
AMANTA,amanta-healthcare-ltd
AMARJOTHI,amarjothi-spinning-mills-ltd
AMBALALSA,ambalal-sarabhai-enterprises-ltd
AMBER,amber-enterprises-india-ltd
AMBICAAGAR,ambica-agarbathies-aroma-industries-ltd
AMBIKCO,ambika-cotton-mills-ltd
AMBUJACEM,ambuja-cements-ltd
AMDIND,amd-industries-ltd
AMJLAND,amj-land-holdings-ltd
AMNPLST,amines-plasticizers-ltd
AMRUTANJAN,amrutanjan-health-care-ltd
ANANDRATHI,anand-rathi-wealth-ltd
ANANTRAJ,anant-raj-ltd
ANDHRAPAP,andhra-paper-ltd
ANDHRSUGAR,the-andhra-sugars-ltd
ANDREWYU,andrew-yule-company-ltd
ANGELONE,angel-one-ltd
ANIKINDS,anik-industries-ltd
ANKITMETAL,ankit-metal-power-ltd
ANMOL,anmol-india-ltd
ANNAPURNA,annapurna-swadisht-ltd
ANSALAPI,ansal-properties-infrastructure-ltd
ANSALBU,ansal-buildwell-ltd
ANTELOPUS,antelopus-selan-energy-ltd
ANTGRAPHIC,antarctica-ltd
ANTHEM,anthem-biosciences-ltd
ANUHPHR,anuh-pharma-ltd
ANUP,the-anup-engineering-ltd
ANURAS,anupam-rasayan-india-ltd
APARINDS,apar-industries-ltd
APCL,anjani-portland-cement-ltd
APCOTEXIND,apcotex-industries-ltd
APEX,apex-frozen-foods-ltd
APLAPOLLO,apl-apollo-tubes-ltd
APLLTD,alembic-pharmaceuticals-ltd
APOLLO,apollo-micro-systems-ltd
APOLLOHOSP,apollo-hospitals-enterprise-ltd
APOLLOPIPE,apollo-pipes-ltd
APOLLOTYRE,apollo-tyres-ltd
APOLSINHOT,apollo-sindoori-hotels-ltd
APOORVA,apoorva-leasing-finance-and-investment-company-ltd
APTECHT,aptech-ltd
APTUS,aptus-value-housing-finance-india-ltd
AQYLON,aqylon-nexus-ltd
ARCHIDPLY,archidply-industries-ltd
ARCHIES,archies-ltd
ARCL,arcl-organics-ltd
ARDEE,ardee-industries-ltd
ARE&M,amara-raja-energy-mobility-ltd
ARENTERP,rajdarshan-industries-ltd
ARFIN,arfin-india-ltd
ARIES,aries-agro-ltd
ARIHANT,arihant-foundations-housing-ltd
ARIHANTCAP,arihant-capital-markets-ltd
ARIHANTSUP,arihant-superstructures-ltd
ARIS,arisinfra-solutions-ltd
ARKADE,arkade-developers-ltd
ARMANFIN,arman-financial-services-ltd
AROGRANITE,aro-granite-industries-ltd
ARROWGREEN,arrow-greentech-ltd
ARSHIYA,arshiya-ltd
ARSSBL,anand-rathi-share-and-stock-brokers-ltd
ARTEMISMED,artemis-medicare-services-ltd
ARTNIRMAN,art-nirman-ltd
ARVEE,arvee-laboratories-india-ltd
ARVIND,arvind-ltd
ARVINDFASN,arvind-fashions-ltd
ARVSMART,arvind-smartspaces-ltd
ARYAMAN,aryaman-financial-services-ltd
ASAHIINDIA,asahi-india-glass-ltd
ASAHISONG,asahi-songwon-colors-ltd
ASAL,automotive-stampings-and-assemblies-ltd
ASALCBR,associated-alcohols-breweries-ltd
ASHAPURMIN,ashapura-minechem-ltd
ASHIANA,ashiana-housing-ltd
ASHIKAG,ashika-global-securities-ltd
ASHIMASYN,ashima-ltd
ASHOKA,ashoka-buildcon-ltd
ASHOKAMET,ashoka-metcast-ltd
ASHOKLEY,ashok-leyland-ltd
ASIANENE,asian-energy-services-ltd
ASIANHOTNR,asian-hotels-north-ltd
ASIANPAINT,asian-paints-ltd
ASIANTILES,asian-granito-india-ltd
ASIANTNE,asian-tea-exports-ltd
ASKAUTOLTD,ask-automotive-ltd
ASMS,avio-smart-market-stack-ltd
ASPINWALL,aspinwall-and-company-ltd
ASSAMENT,assam-entrade-ltd
ASTAR,asian-star-company-ltd
ASTEC,astec-lifesciences-ltd
ASTERDM,aster-dm-quality-care-ltd
ASTRAL,astral-ltd
ASTRAMICRO,astra-microwave-products-ltd
ASTRAZEN,astrazeneca-pharma-india-ltd
ASTRON,astron-paper-board-mill-ltd
ATALREAL,atal-realtech-ltd
ATAM,atam-valves-ltd
ATGL,adani-total-gas-ltd
ATHERENERG,ather-energy-ltd
ATL,allcargo-terminals-ltd
ATLANTAA,atlantaa-ltd
ATLANTAELE,atlanta-electricals-ltd
ATLASCYCLE,atlas-cycles-haryana-ltd
ATUL,atul-ltd
ATULAUTO,atul-auto-ltd
AUBANK,au-small-finance-bank-ltd
AURIONPRO,aurionpro-solutions-ltd
AUROPHARMA,aurobindo-pharma-ltd
AURUM,aurum-proptech-ltd
AURUS,aurus-gem-corporation-ltd
AUSOMENT,ausom-enterprise-ltd
AUSTENG,austin-engineering-company-ltd
AUTOAXLES,automotive-axles-ltd
AUTOIND,autoline-industries-ltd
AVADHSUGAR,avadh-sugar-energy-ltd
AVALON,avalon-technologies-ltd
AVANCE,avance-technologies-ltd
AVANTEL,avantel-ltd
AVANTIFEED,avanti-feeds-ltd
AVG,avg-logistics-ltd
AVL,aditya-vision-ltd
AVONMORE,avonmore-capital-management-services-ltd
AVROIND,avro-india-ltd
AVTNPL,avt-natural-products-ltd
AWFIS,awfis-space-solutions-ltd
AWHCL,antony-waste-handling-cell-ltd
AWL,awl-agri-business-ltd
AXISBANK,axis-bank-ltd
AXISCADES,axiscades-technologies-ltd
AXITA,axita-cotton-ltd
AXTEL,axtel-industries-ltd
AYE,aye-finance-ltd
AYMSYNTEX,aym-syntex-ltd
AZAD,azad-engineering-ltd
AZADIND,azad-india-mobility-ltd
BAFNAPH,bafna-pharmaceuticals-ltd
BAGFILMS,b-a-g-films-and-media-ltd
BAIDFIN,baid-finserv-ltd
BAJAJ-AUTO,bajaj-auto-ltd
BAJAJCON,bajaj-consumer-care-ltd
BAJAJELEC,bajaj-electricals-ltd
BAJAJFINSV,bajaj-finserv-ltd
BAJAJHCARE,bajaj-healthcare-ltd
BAJAJHFL,bajaj-housing-finance-ltd
BAJAJHIND,bajaj-hindusthan-sugar-ltd
BAJAJHLDNG,bajaj-holdings-investment-ltd
BAJAJINDEF,indef-manufacturing-ltd
BAJAJST,bajaj-steel-industries-ltd
BAJEL,bajel-projects-ltd
BAJFINANCE,bajaj-finance-ltd
BALAJEE,shree-tirupati-balajee-agro-trading-company-ltd
BALAJITELE,balaji-telefilms-ltd
BALAMINES,balaji-amines-ltd
BALAXI,balaxi-pharmaceuticals-ltd
BALKRISHNA,balkrishna-paper-mills-ltd
BALKRISIND,balkrishna-industries-ltd
BALMLAWRIE,balmer-lawrie-company-ltd
BALPHARMA,bal-pharma-ltd
BALRAMCHIN,balrampur-chini-mills-ltd
BALUFORGE,balu-forge-industries-ltd
BANARBEADS,banaras-beads-ltd
BANARISUG,bannari-amman-sugars-ltd
BANCOINDIA,banco-products-i-ltd
BANDHANBNK,bandhan-bank-ltd
BANG,bang-overseas-ltd
BANKA,banka-bioloo-ltd
BANKBARODA,bank-of-baroda
BANKINDIA,bank-of-india
BANSALWIRE,bansal-wire-industries-ltd
BANSWRAS,banswara-syntex-ltd
BASF,basf-india-ltd
BASML,bannari-amman-spinning-mills-ltd
BATAINDIA,bata-india-ltd
BATLIBOI,batliboi-ltd
BAYERCROP,bayer-cropscience-ltd
BBL,bharat-bijlee-ltd
BBOX,black-box-ltd
BBTC,the-bombay-burmah-trading-corporation-ltd
BBTCL,b-b-triplewall-containers-ltd
BCG,brightcom-group-ltd
BCLIND,bcl-industries-ltd
BCONCEPTS,brand-concepts-ltd
BCPL,bcpl-railway-infrastructure-ltd
BDL,bharat-dynamics-ltd
BEARDSELL,beardsell-ltd
BECTORFOOD,mrs-bectors-food-specialities-ltd
BEDMUTHA,bedmutha-industries-ltd
BEEKAY,beekay-steel-industries-ltd
BEL,bharat-electronics-ltd
BELLACASA,bella-casa-fashion-retail-ltd
BELRISE,belrise-industries-ltd
BEML,beml-ltd
BENARAS,benares-hotels-ltd
BENGALASM,bengal-assam-company-ltd
BEPL,bhansali-engineering-polymers-ltd
BERGEPAINT,berger-paints-i-ltd
BESTAGRO,best-agrolife-ltd
BETA,beta-drugs-ltd
BFINVEST,bf-investment-ltd
BFUTILITIE,bf-utilities-ltd
BGRENERGY,bgr-energy-systems-ltd
BHAGCHEM,bhagiradha-chemicals-industries-ltd
BHAGERIA,bhageria-industries-ltd
BHAGYANGR,bhagyanagar-india-ltd
BHANDARI,bhandari-hosiery-exports-ltd
BHARATCOAL,bharat-coking-coal-ltd
BHARATFORG,bharat-forge-ltd
BHARATGEAR,bharat-gears-ltd
BHARATRAS,bharat-rasayan-ltd
BHARATSE,bharat-seats-ltd
BHARATWIRE,bharat-wire-ropes-ltd
BHARTIARTL,bharti-airtel-ltd
BHARTIHEXA,bharti-hexacom-ltd
BHEL,bharat-heavy-electricals-ltd
BI,bilcare-ltd
BIGBLOC,bigbloc-construction-ltd
BIKAJI,bikaji-foods-international-ltd
BIL,bhartiya-international-ltd
BILVYAPAR,bil-vyapar-ltd
BIMETAL,bimetal-bearings-ltd
BIOCON,biocon-ltd
BIOFILCHEM,biofil-chemicals-pharmaceuticals-ltd
BIRLACABLE,birla-cable-ltd
BIRLACORPN,birla-corporation-ltd
BIRLAMONEY,aditya-birla-money-ltd
BIRLANU,birlanu-ltd
BIRLAPREC,birla-precision-technologies-ltd
BLACKBUCK,blackbuck-ltd
BLACKROSE,black-rose-inds-ltd
BLAL,beml-land-assets-ltd
BLBLIMITED,blb-ltd
BLEL,behari-lal-engineering-ltd
BLIL,balmer-lawrie-investments-ltd
BLISSGVS,bliss-gvs-pharma-ltd
BLKASHYAP,b-l-kashyap-and-sons-ltd
BLS,bls-international-services-ltd
BLSE,bls-e-services-ltd
BLUECHIP,blue-chip-india-ltd
BLUECLOUDS,blue-cloud-softech-solutions-ltd
BLUECOAST,blue-coast-hotels-ltd
BLUEDART,blue-dart-express-ltd
BLUEJET,blue-jet-healthcare-ltd
BLUESTARCO,blue-star-ltd
BLUESTONE,bluestone-jewellery-and-lifestyle-ltd
BLUSPRING,bluspring-enterprises-ltd
BMWVENTLTD,bmw-ventures-ltd
BNAGROCHEM,bn-agrochem-ltd
BNALTD,b-a-ltd
BODALCHEM,bodal-chemicals-ltd
BOHRAIND,bohra-industries-ltd
BOMDYEING,bombay-dyeing-mfg-company-ltd
BONLON,bonlon-industries-ltd
BORANA,borana-weaves-ltd
BOROLTD,borosil-ltd
BORORENEW,borosil-renewables-ltd
BOROSCI,borosil-scientific-ltd
BOSCH-HCIL,bosch-home-comfort-india-ltd
BOSCHLTD,bosch-ltd
BPCL,bharat-petroleum-corporation-ltd
BPL,bpl-ltd
BPLPHARMA,bharat-parenterals-ltd
BRAHMINFRA,brahmaputra-infrastructure-ltd
BRIGADE,brigade-enterprises-ltd
BRIGHOTEL,brigade-hotel-ventures-ltd
BRIGHTBR,bright-brothers-ltd
BRITANNIA,britannia-industries-ltd
BRNL,bharat-road-network-ltd
BROOKS,brooks-laboratories-ltd
BSE,bse-ltd
BSHSL,bombay-super-hybrid-seeds-ltd
BSL,bsl-ltd
BSOFT,birlasoft-ltd
BTML,bodhi-tree-multimedia-ltd
BTTL,bhilwara-technical-textiles-ltd
BUILDPRO,shankara-buildpro-ltd
BURNPUR,burnpur-cement-ltd
BUTTERFLY,butterfly-gandhimathi-appliances-ltd
BVCL,barak-valley-cements-ltd
BYKE,the-byke-hospitality-ltd
CALSOFT,california-software-company-ltd
CAMLINFINE,camlin-fine-sciences-ltd
CAMPUS,campus-activewear-ltd
CAMS,computer-age-management-services-ltd
CANBK,canara-bank
CANFINHOME,can-fin-homes-ltd
CANHLIFE,canara-hsbc-life-insurance-company-ltd
CANTABIL,cantabil-retail-india-ltd
CAPACITE,capacit-e-infraprojects-ltd
CAPILLARY,capillary-technologies-india-ltd
CAPITALSFB,capital-small-finance-bank-ltd
CAPLIPOINT,caplin-point-laboratories-ltd
CAPTRUST,capital-trust-ltd
CARBORUNIV,carborundum-universal-ltd
CARERATING,care-ratings-ltd
CARRARO,carraro-india-ltd
CARTRADE,cartrade-tech-ltd
CARYSIL,carysil-ltd
CASTROLIND,castrol-india-ltd
CCAVENUE,avenuesai-ltd
CCCL,consolidated-construction-consortium-ltd
CCHHL,country-club-hospitality-holidays-ltd
CCL,ccl-products-india-ltd
CDSL,central-depository-services-india-ltd
CEATLTD,ceat-ltd
CEIGALL,ceigall-india-ltd
CEINSYS,ceinsys-tech-ltd
CELEBRITY,celebrity-fashions-ltd
CELLO,cello-world-ltd
CEMPRO,cemindia-projects-ltd
CENTENKA,century-enka-ltd
CENTEXT,century-extrusions-ltd
CENTRALBK,central-bank-of-india
CENTRUM,centrum-capital-ltd
CENTUM,centum-electronics-ltd
CENTURYPLY,century-plyboards-india-ltd
CERA,cera-sanitaryware-ltd
CEREBRAINT,cerebra-integrated-technologies-ltd
CESC,cesc-ltd
CEWATER,concord-enviro-systems-ltd
CFEL,confidence-futuristic-energetech-ltd
CGCL,capri-global-capital-ltd
CGPOWER,cg-power-and-industrial-solutions-ltd
CGVAK,cg-vak-software-exports-ltd
CHALET,chalet-hotels-ltd
CHAMBLFERT,chambal-fertilizers-chemicals-ltd
CHEMBOND,chembond-material-technologies-ltd
CHEMBONDCH,chembond-chemicals-ltd
CHEMCON,chemcon-speciality-chemicals-ltd
CHEMCRUX,chemcrux-enterprises-ltd
CHEMFAB,chemfab-alkalis-ltd
CHEMPLASTS,chemplast-sanmar-ltd
CHENNPETRO,chennai-petroleum-corporation-ltd
CHEVIOT,cheviot-company-ltd
CHOICEIN,choice-international-ltd
CHOLAFIN,cholamandalam-investment-and-finance-company-ltd
CHOLAHLDNG,cholamandalam-financial-holdings-ltd
CIEINDIA,cie-automotive-india-ltd
CIFL,capital-india-finance-ltd
CINELINE,cineline-india-ltd
CINEVISTA,cinevista-ltd
CIPLA,cipla-ltd
CLCIND,clc-industries-ltd
CLEAN,clean-science-and-technology-ltd
CLEANMAX,clean-max-enviro-energy-solutions-ltd
CLEDUCATE,cl-educate-ltd
CLSEL,chaman-lal-setia-exports-ltd
CMLL,caliber-mining-and-logistics-ltd
CMPDI,central-mine-planning-design-institute-ltd
CMRGREEN,cmr-green-technologies-ltd
CMSINFO,cms-info-systems-ltd
CNL,creative-newtech-ltd
COALINDIA,coal-india-ltd
COASTCORP,coastal-corporation-ltd
COCHINSHIP,cochin-shipyard-ltd
COCKERILL,john-cockerill-india-ltd
COFFEEDAY,coffee-day-enterprises-ltd
COFORGE,coforge-ltd
COHANCE,cohance-lifesciences-ltd
COLPAL,colgate-palmolive-india-ltd
COMFINTE,comfort-intech-ltd
COMPEAU,competent-automobiles-company-ltd
COMPINFO,compuage-infocom-ltd
COMPUSOFT,compucom-software-ltd
COMSYN,commercial-syn-bags-ltd
CONCOR,container-corporation-of-india-ltd
CONCORDBIO,concord-biotech-ltd
CONFIPET,confidence-petroleum-india-ltd
CONSOFINVT,consolidated-finvest-holdings-ltd
CONTROLPR,control-print-ltd
CORALFINAC,coral-india-finance-housing-ltd
CORDELIA,waterways-leisure-tourism-ltd
CORDSCABLE,cords-cable-industries-ltd
COROMANDEL,coromandel-international-ltd
CORONA,corona-remedies-ltd
COSMOFIRST,cosmo-first-ltd
COUNCODOS,country-condo-s-ltd
CPCAP,cp-capital-ltd
CPEDU,career-point-edutech-ltd
CPL,captain-polyplast-ltd
CPPLUS,aditya-infotech-ltd
CRAFTSMAN,craftsman-automation-ltd
CRAMC,canara-robeco-asset-management-company-ltd
CRAVATEX,cravatex-ltd
CREATIVEYE,creative-eye-ltd
CREDITACC,creditaccess-grameen-ltd
CREST,crest-ventures-ltd
CRISIL,crisil-ltd
CRIZAC,crizac-ltd
CROMPTON,crompton-greaves-consumer-electricals-ltd
CROWN,crown-lifters-ltd
CRSL,cressanda-railway-solutions-ltd
CSBBANK,csb-bank-ltd
CSLFINANCE,csl-finance-ltd
CSM,csm-technologies-ltd
CTE,cambridge-technology-enterprises-ltd
CUB,city-union-bank-ltd
CUBEXTUB,cubex-tubings-ltd
CUMMINSIND,cummins-india-ltd
CUPID,cupid-ltd
CURAA,cura-technologies-ltd
CYBERMEDIA,cyber-media-india-ltd
CYBERTECH,cybertech-systems-and-software-ltd
CYIENT,cyient-ltd
CYIENTDLM,cyient-dlm-ltd
DABUR,dabur-india-ltd
DAICHI,dai-ichi-karkaria-ltd
DALBHARAT,dalmia-bharat-ltd
DALMIASUG,dalmia-bharat-sugar-and-industries-ltd
DAMCAPITAL,dam-capital-advisors-ltd
DAMODARIND,damodar-industries-ltd
DANGEE,dangee-dums-ltd
DATAMATICS,datamatics-global-services-ltd
DATAPATTNS,data-patterns-india-ltd
DAVANGERE,davangere-sugar-company-ltd
DBCORP,d-b-corp-ltd
DBEIL,deepak-builders-engineers-india-ltd
DBL,dilip-buildcon-ltd
DBOL,dhampur-bio-organics-ltd
DBREALTY,valor-estate-ltd
DBSTOCKBRO,db-international-stock-brokers-ltd
DCAL,dishman-carbogen-amcis-ltd
DCBBANK,dcb-bank-ltd
DCI,dc-infotech-and-communication-ltd
DCM,dcm-ltd
DCMFINSERV,dcm-financial-services-ltd
DCMNVL,dcm-nouvelle-ltd
DCMSHRIRAM,dcm-shriram-ltd
DCMSIL,dcm-shriram-international-ltd
DCMSRIND,dcm-shriram-industries-ltd
DCW,dcw-ltd
DCXINDIA,dcx-systems-ltd
DDEVPLSTIK,ddev-plastiks-industries-ltd
DECCANCE,deccan-cements-ltd
DECNGOLD,deccan-gold-mines-ltd
DEEDEV,dee-development-engineers-ltd
DEEP,deep-polymers-ltd
DEEPAKFERT,deepak-fertilizers-and-petrochemicals-corporation-ltd
DEEPAKNTR,deepak-nitrite-ltd
DEEPINDS,deep-industries-ltd
DELHIVERY,delhivery-ltd
DELPHIFX,delphi-world-money-ltd
DELTACORP,delta-corp-ltd
DELTAMAGNT,delta-manufacturing-ltd
DEN,den-networks-ltd
DENORA,de-nora-india-ltd
DENTA,denta-water-and-infra-solutions-ltd
DEVIT,dev-information-technology-ltd
DEVX,dev-accelerator-ltd
DEVYANI,devyani-international-ltd
DGCONTENT,digicontent-ltd
DHABRIYA,dhabriya-polywood-ltd
DHAMPURSUG,dhampur-sugar-mills-ltd
DHANBANK,dhanlaxmi-bank-ltd
DHANUKA,dhanuka-agritech-ltd
DHARAN,dharan-infra-epc-ltd
DHARMAJ,dharmaj-crop-guard-ltd
DHATRE,dhatre-udyog-ltd
DHOOTTRANS,dhoot-transmission-ltd
DHRUV,dhruv-consultancy-services-ltd
DHUNINV,dhunseri-investments-ltd
DIACABS,diamond-power-infrastructure-ltd
DIAMINESQ,diamines-chemicals-ltd
DIAMONDYD,prataap-snacks-ltd
DICIND,dic-india-ltd
DIFFNKG,diffusion-engineers-ltd
DIGIDRIVE,digidrive-distributors-ltd
DIGISPICE,digispice-technologies-ltd
DIGITIDE,digitide-solutions-ltd
DIGJAMLMTD,digjam-ltd
DISAQ,disa-india-ltd
DISHTV,dish-tv-india-ltd
DIVGIITTS,divgi-torqtransfer-systems-ltd
DIVISLAB,divi-s-laboratories-ltd
DIXON,dixon-technologies-india-ltd
DJML,dj-mediaprint-logistics-ltd
DLF,dlf-ltd
DLINKINDIA,d-link-india-ltd
DMART,avenue-supermarts-ltd
DMCC,dmcc-speciality-chemicals-ltd
DNAMEDIA,diligent-media-corporation-ltd
DODLA,dodla-dairy-ltd
DOLATALGO,dolat-algotech-ltd
DOLLAR,dollar-industries-ltd
DOLPHIN,dolphin-offshore-enterprises-india-ltd
DOMS,doms-industries-ltd
DONEAR,donear-industries-ltd
DPABHUSHAN,d-p-abhushan-ltd
DPSCLTD,dpsc-ltd
DPWIRES,d-p-wires-ltd
DRAGARWQ,dr-agarwals-eye-hospital-ltd
DRCSYSTEMS,drc-systems-india-ltd
DREAMFOLKS,dreamfolks-services-ltd
DREDGECORP,dredging-corporation-of-india-ltd
DRREDDY,dr-reddy-s-laboratories-ltd
DSFCL,dcm-shriram-fine-chemicals-ltd
DSKULKARNI,ds-kulkarni-developers-ltd
DSSL,dynacons-systems-solutions-ltd
DTIL,dhunseri-tea-industries-ltd
DUCON,ducon-infratechnologies-ltd
DVL,dhunseri-ventures-ltd
DWARKESH,dwarikesh-sugar-industries-ltd
DYCL,dynamic-cables-ltd
DYNAMATECH,dynamatic-technologies-ltd
DYNPRO,dynemic-products-ltd
E2E,e2e-networks-ltd
EASEMYTRIP,easy-trip-planners-ltd
EASTSILK,eastern-silk-industries-ltd
EASTWEST,east-west-freight-carriers-ltd
EBGNG,gng-electronics-ltd
EBIX,ebix-ltd
ECLERX,eclerx-services-ltd
ECORECO,eco-recycling-ltd
ECOSMOBLTY,ecos-india-mobility-hospitality-ltd
EDELWEISS,edelweiss-financial-services-ltd
EFCIL,efc-i-ltd
EICHERMOT,eicher-motors-ltd
EIDPARRY,eid-parry-india-ltd
EIEL,enviro-infra-engineers-ltd
EIFFL,euro-india-fresh-foods-ltd
EIHAHOTELS,eih-associated-hotels-ltd
EIHOTEL,eih-ltd
EIMCOELECO,eimco-elecon-india-ltd
EKC,everest-kanto-cylinder-ltd
EKI,eki-energy-services-ltd
ELANTAS,elantas-beck-india-ltd
ELCIDIN,el-cid-investments-ltd
ELDEHSG,eldeco-housing-and-industries-ltd
ELECON,elecon-engineering-company-ltd
ELECTCAST,electrosteel-castings-ltd
ELECTHERM,electrotherm-india-ltd
ELGIEQUIP,elgi-equipments-ltd
ELGIRUBCO,elgi-rubber-company-ltd
ELIN,elin-electronics-ltd
ELITECON,elitecon-international-ltd
ELLEN,ellenbarrie-industrial-gases-ltd
ELPROINTL,elpro-international-ltd
EMAMILTD,emami-ltd
EMAMIPAP,emami-paper-mills-ltd
EMAMIREAL,emami-realty-ltd
EMBDL,embassy-developments-ltd
EMCURE,emcure-pharmaceuticals-ltd
EMIL,electronics-mart-india-ltd
EMKAY,emkay-global-financial-services-ltd
EMMBI,emmbi-industries-ltd
EMMVEE,emmvee-photovoltaic-power-ltd
EMPIND,empire-industries-ltd
EMPOWER,empower-india-ltd
EMSLIMITED,ems-ltd
EMUDHRA,emudhra-ltd
ENDURANCE,endurance-technologies-ltd
ENERGYDEV,energy-development-company-ltd
ENGINERSIN,engineers-india-ltd
ENIL,entertainment-network-india-ltd
ENKEIWHEL,enkei-wheels-india-ltd
ENRIN,siemens-energy-india-ltd
ENTERO,entero-healthcare-solutions-ltd
EPACK,epack-durable-ltd
EPACKPEB,epack-prefab-technologies-ltd
EPIGRAL,epigral-ltd
EPL,epl-ltd
EQUIPPP,equippp-social-impact-technologies-ltd
EQUITASBNK,equitas-small-finance-bank-ltd
ERIS,eris-lifesciences-ltd
ESABINDIA,esab-india-ltd
ESAFSFB,esaf-small-finance-bank-ltd
ESCORTS,escorts-kubota-ltd
ESSARSHPNG,essar-shipping-ltd
ESSENTIA,integra-essentia-ltd
ESTER,ester-industries-ltd
ETERNAL,eternal-ltd
ETHOSLTD,ethos-ltd
EUREKAFORB,eureka-forbes-ltd
EUROBOND,euro-panel-products-ltd
EUROPRATIK,euro-pratik-sales-ltd
EUROTEXIND,eurotex-industries-and-exports-ltd
EVEREADY,eveready-industries-india-ltd
EVERESTIND,everest-industries-ltd
EXCELINDUS,excel-industries-ltd
EXCELSOFT,excelsoft-technologies-ltd
EXICOM,exicom-tele-systems-ltd
EXIDEIND,exide-industries-ltd
EXPLEOSOL,expleo-solutions-ltd
EXXARO,exxaro-tiles-ltd
FABTECH,fabtech-technologies-ltd
FACT,fertilizers-and-chemicals-travancore-ltd
FAIRCHEMOR,fairchem-organics-ltd
FAZE3Q,faze-three-ltd
FCL,fineotex-chemical-ltd
FCSSOFT,fcs-software-solutions-ltd
FDC,fdc-ltd
FEDDERSHOL,fedders-holding-ltd
FEDERALBNK,the-federal-bank-ltd
FEDFINA,fedbank-financial-services-ltd
FEL,future-enterprises-ltd
FELDVR,future-enterprises-ltd
FERMENTA,fermenta-biotech-ltd
FIBERWEB,fiberweb-india-ltd
FIEMIND,fiem-industries-ltd
FILATEX,filatex-india-ltd
FILATFASH,filatex-fashions-ltd
FINCABLES,finolex-cables-ltd
FINEORG,fine-organic-industries-ltd
FINKURVE,finkurve-financial-services-ltd
FINOPB,fino-payments-bank-ltd
FINPIPE,finolex-industries-ltd
FIRSTCRY,brainbees-solutions-ltd
FISCHER,fischer-medical-ventures-ltd
FIVESTAR,five-star-business-finance-ltd
FLAIR,flair-writing-industries-ltd
FLEXITUFF,flexituff-ventures-international-ltd
FLFL,future-lifestyle-fashions-ltd
FLUOROCHEM,gujarat-fluorochemicals-ltd
FMGOETZE,federal-mogul-goetze-india-ltd
FMNL,future-market-networks-ltd
FOCUS,focus-lighting-and-fixtures-ltd
FOODSIN,foods-inns-ltd
FORCEMOT,force-motors-ltd
FORTIS,fortis-healthcare-ltd
FOSECOIND,foseco-india-ltd
FRACTAL,fractal-analytics-ltd
FREDUN,fredun-pharmaceuticals-ltd
FRONTSP,frontier-springs-ltd
FSL,firstsource-solutions-ltd
FUSION,fusion-finance-ltd
GABRIEL,gabriel-india-ltd
GAEL,gujarat-ambuja-exports-ltd
GAIL,gail-india-ltd
GALAPREC,gala-precision-engineering-ltd
GALAXYSURF,galaxy-surfactants-ltd
GALLANTT,gallantt-ispat-ltd
GANDHAR,gandhar-oil-refinery-india-ltd
GANDHITUBE,gandhi-special-tubes-ltd
GANECOS,ganesha-ecosphere-ltd
GANESHBE,ganesh-benzoplast-ltd
GANESHCP,ganesh-consumer-products-ltd
GANESHHOU,ganesh-housing-ltd
GANGAFORGE,ganga-forging-ltd
GANGESSECU,ganges-securities-ltd
GARFIBRES,garware-technical-fibres-ltd
GARUDA,garuda-construction-and-engineering-ltd
GATECH,gacm-technologies-ltd
GATECHDVR,gacm-technologies-ltd
GATEWAY,gateway-distriparks-ltd
GAUDIUMIVF,gaudium-ivf-and-women-health-ltd
GAYAHWS,gayatri-highways-ltd
GAYAPROJ,gayatri-projects-ltd
GCSL,gretex-corporate-services-ltd
GEECEE,geecee-ventures-ltd
GEEKAYWIRE,geekay-wires-ltd
GEMAROMA,gem-aromatics-ltd
GENCON,generic-engineering-construction-and-projects-ltd
GENESYS,genesys-international-corporation-ltd
GENSOL,gensol-engineering-ltd
GENUSPAPER,genus-paper-boards-ltd
GENUSPOWER,genus-power-infrastructures-ltd
GEOJITFSL,geojit-financial-services-ltd
GESHIP,the-great-eastern-shipping-company-ltd
GFLLIMITED,gfl-ltd
GHCL,ghcl-ltd
GHCLTEXTIL,ghcl-textiles-ltd
GICHSGFIN,gic-housing-finance-ltd
GICL,globe-international-carriers-ltd
GICRE,general-insurance-corporation-of-india
GILLANDERS,gillanders-arbuthnot-company-ltd
GILLETTE,gillette-india-ltd
GINNIFILA,ginni-filaments-ltd
GIPCL,gujarat-industries-power-company-ltd
GKB,gkb-ophthalmics-ltd
GKENERGY,gk-energy-ltd
GKSL,gujarat-kidney-and-super-speciality-ltd
GKWLIMITED,gkw-ltd
GLAND,gland-pharma-ltd
GLAXO,glaxosmithkline-pharmaceuticals-ltd
GLENMARK,glenmark-pharmaceuticals-ltd
GLFL,gujarat-lease-financing-ltd
GLOBAL,global-education-ltd
GLOBALE,globale-tessile-ltd
GLOBALVECT,global-vectra-helicorp-ltd
GLOBE,globe-enterprises-india-ltd
GLOBECIVIL,globe-civil-projects-ltd
GLOBUSSPR,globus-spirits-ltd
GLOSTERLTD,gloster-ltd
GLOTTIS,glottis-ltd
GMBREW,gm-breweries-ltd
GMDCLTD,gujarat-mineral-development-corporation-ltd
GMMPFAUDLR,gmm-pfaudler-ltd
GMRAIRPORT,gmr-airports-ltd
GMRP&UI,gmr-power-and-urban-infra-ltd
GNA,gna-axles-ltd
GNFC,gujarat-narmada-valley-fertilizers-and-chemicals-ltd
GNRL,gujarat-natural-resources-ltd
GOACARBON,goa-carbon-ltd
GOCLCORP,gocl-corporation-ltd
GOCOLORS,go-fashion-india-ltd
GODAVARIB,godavari-biorefineries-ltd
GODFRYPHLP,godfrey-phillips-india-ltd
GODIGIT,go-digit-general-insurance-ltd
GODREJAGRO,godrej-agrovet-ltd
GODREJCP,godrej-consumer-products-ltd
GODREJIND,godrej-industries-ltd
GODREJPROP,godrej-properties-ltd
GOKEX,gokaldas-exports-ltd
GOKUL,gokul-refoils-and-solvent-ltd
GOKULAGRO,gokul-agro-resources-ltd
GOLDENTOBC,golden-tobacco-ltd
GOLDIAM,goldiam-international-ltd
GOLDTECH,aion-tech-solutions-ltd
GOODLUCK,goodluck-india-ltd
GOODYEAR,goodyear-india-ltd
GOPAL,gopal-snacks-ltd
GOYALALUM,goyal-aluminiums-ltd
GPIL,godawari-power-and-ispat-ltd
GPPL,gujarat-pipavav-port-ltd
GPTHEALTH,gpt-healthcare-ltd
GPTINFRA,gpt-infraprojects-ltd
GRADIENTE,gradiente-infotainment-ltd
GRANDOAK,grand-oak-canyons-distillery-ltd
GRANULES,granules-india-ltd
GRAPHITE,graphite-india-ltd
GRASIM,grasim-industries-ltd
GRAUWEIL,grauer-weil-india-ltd
GRAVISSHO,graviss-hospitality-ltd
GRAVITA,gravita-india-ltd
GREAVESCOT,greaves-cotton-ltd
GREENLAM,greenlam-industries-ltd
GREENPANEL,greenpanel-industries-ltd
GREENPLY,greenply-industries-ltd
GREENPOWER,orient-green-power-company-ltd
GRINDWELL,grindwell-norton-ltd
GRINFRA,g-r-infraprojects-ltd
GRMOVER,grm-overseas-ltd
GROBTEA,the-grob-tea-company-ltd
GROWW,billionbrains-garage-ventures-ltd
GRPLTD,grp-ltd
GRSE,garden-reach-shipbuilders-engineers-ltd
GRWRHITECH,garware-hi-tech-films-ltd
GSFC,gujarat-state-fertilizers-chemicals-ltd
GSLSU,global-surfaces-ltd
GSPCROP,gsp-crop-science-ltd
GSS,gss-infotech-ltd
GTECJAINX,g-tec-jainx-education-ltd
GTL,gtl-ltd
GTLINFRA,gtl-infrastructure-ltd
GTPL,gtpl-hathway-ltd
GUFICBIO,gufic-biosciences-ltd
GUJALKALI,gujarat-alkalies-and-chemicals-ltd
GUJAPOLLO,gujarat-apollo-industries-ltd
GUJENERGY,gujarat-energy-ltd
GUJRAFFIA,gujarat-raffia-industries-ltd
GUJTHEM,gujarat-themis-biosyn-ltd
GULFOILLUB,gulf-oil-lubricants-india-ltd
GULFPETRO,gp-petroleums-ltd
GULPOLY,gulshan-polyols-ltd
GVKPIL,gvk-power-infrastructure-ltd
GVPIL,ge-power-india-ltd
GVPTECH,gvp-infotech-ltd
GVT&D,ge-vernova-t-d-india-ltd
GYFTR,gyftr-ltd
HAL,hindustan-aeronautics-ltd
HALDER,halder-venture-ltd
HALDYNGL,haldyn-glass-ltd
HALEOSLABS,haleos-labs-ltd
HAMPTON,hampton-sky-realty-ltd
HAPPSTMNDS,happiest-minds-technologies-ltd
HAPPYFORGE,happy-forgings-ltd
HARDWYN,hardwyn-india-ltd
HARIOMPIPE,hariom-pipe-industries-ltd
HARRMALAYA,harrisons-malayalam-ltd
HARSHA,harsha-engineers-international-ltd
HATHWAY,hathway-cable-datacom-ltd
HATSUN,hatsun-agro-product-ltd
HAVELLS,havells-india-ltd
HAVISHA,sri-havisha-hospitality-and-infrastructure-ltd
HAWKINCOOK,hawkins-cookers-ltd
HAZOOR,hazoor-multi-projects-ltd
HBESD,hb-estate-developers-ltd
HBLENGINE,hbl-engineering-ltd
HBPOR,hb-portfolio-ltd
HBSL,hb-stockholdings-ltd
HCC,hindustan-construction-company-ltd
HCG,healthcare-global-enterprises-ltd
HCL-INSYS,hcl-infosystems-ltd
HCLTECH,hcl-technologies-ltd
HDBFS,hdb-financial-services-ltd
HDFCAMC,hdfc-asset-management-company-ltd
HDFCBANK,hdfc-bank-ltd
HDFCLIFE,hdfc-life-insurance-company-ltd
HDIL,housing-development-and-infrastructure-ltd
HEADSUP,heads-up-ventures-ltd
HEALTHX,health-x-platform-ltd
HECPROJECT,hec-infra-projects-ltd
HEG,heg-ltd
HEIDELBERG,heidelbergcement-india-ltd
HEMIPROP,hemisphere-properties-india-ltd
HERANBA,heranba-industries-ltd
HERITGFOOD,heritage-foods-ltd
HEROMOTOCO,hero-motocorp-ltd
HESTERBIO,hester-biosciences-ltd
HEXAGON,hexagon-nutrition-ltd
HEXATRADEX,hexa-tradex-ltd
HEXT,hexaware-technologies-ltd
HFCL,hfcl-ltd
HGINFRA,h-g-infra-engineering-ltd
HGM,handson-global-management-hgm-ltd
HGS,hinduja-global-solutions-ltd
HIKAL,hikal-ltd
HILINFRA,highway-infrastructure-ltd
HILTON,hilton-metal-forging-ltd
HIMATSEIDE,himatsingka-seide-ltd
HINDADH,hindustan-adhesives-ltd
HINDALCO,hindalco-industries-ltd
HINDALUMI,hind-aluminium-industries-ltd
HINDCOMPOS,hindustan-composites-ltd
HINDCON,hindcon-chemicals-ltd
HINDCOPPER,hindustan-copper-ltd
HINDOILEXP,hindustan-oil-exploration-company-ltd
HINDPETRO,hindustan-petroleum-corporation-ltd
HINDUNILVR,hindustan-unilever-ltd
HINDWAREAP,hindware-home-innovation-ltd
HINDZINC,hindustan-zinc-ltd
HIRECT,hirect-ltd
HISARMETAL,hisar-metal-industries-ltd
HITECH,hi-tech-pipes-ltd
HITECHCORP,hitech-corporation-ltd
HITECHGEAR,the-hi-tech-gears-ltd
HLEGLAS,hle-glascoat-ltd
HLVLTD,hlv-ltd
HMAAGRO,hma-agro-industries-ltd
HMT,hmt-ltd
HMVL,hindustan-media-ventures-ltd
HNDFDS,hindustan-foods-ltd
HOMEFIRST,home-first-finance-company-india-ltd
HONASA,honasa-consumer-ltd
HONAUT,honeywell-automation-india-ltd
HONDAPOWER,honda-india-power-products-ltd
HPAL,hp-adhesives-ltd
HPIL,hindprakash-industries-ltd
HPL,hpl-electric-power-ltd
HRYNSHP,hariyana-ship-breakers-ltd
HSCL,himadri-speciality-chemical-ltd
HTMEDIA,ht-media-ltd
HUBTOWN,hubtown-ltd
HUDCO,housing-urban-development-corporation-ltd
HUHTAMAKI,huhtamaki-india-ltd
HYBRIDFIN,hybrid-financial-services-ltd
HYUNDAI,hyundai-motor-india-ltd
IBULLSLTD,indiabulls-ltd
ICDSLTD,icds-ltd
ICEMAKE,ice-make-refrigeration-ltd
ICICIAMC,icici-prudential-asset-management-company-ltd
ICICIBANK,icici-bank-ltd
ICICIGI,icici-lombard-general-insurance-company-ltd
ICICIPRULI,icici-prudential-life-insurance-company-ltd
ICIL,indo-count-industries-ltd
ICRA,icra-ltd
IDBI,idbi-bank-ltd
IDEA,vodafone-idea-ltd
IDEAFORGE,ideaforge-technology-ltd
IDFCFIRSTB,idfc-first-bank-ltd
IEX,indian-energy-exchange-ltd
IFBAGRO,ifb-agro-industries-ltd
IFBIND,ifb-industries-ltd
IFCI,ifci-ltd
IFGLEXPOR,ifgl-refractories-ltd
IGARASHI,igarashi-motors-india-ltd
IGCL,indogulf-cropsciences-ltd
IGIL,international-gemological-institute-ltd
IGL,indraprastha-gas-ltd
IGPL,ig-petrochemicals-ltd
IIFL,iifl-finance-ltd
IIFLCAPS,iifl-capital-services-ltd
IITL,industrial-investment-trust-ltd
IKIO,ikio-technologies-ltd
IKS,inventurus-knowledge-solutions-ltd
IL&FSENGG,il-fs-engineering-and-construction-company-ltd
IL&FSTRANS,il-fs-transportation-networks-ltd
IMAGICAA,imagicaaworld-entertainment-ltd
IMFA,indian-metals-ferro-alloys-ltd
IMPAL,india-motor-parts-and-accessories-ltd
IMPEXFERRO,impex-ferro-tech-ltd
INA,insolation-energy-ltd
INCREDIBLE,incredible-industries-ltd
INDBANK,indbank-merchant-banking-services-ltd
INDGN,indegene-ltd
INDHOTEL,the-indian-hotels-company-ltd
INDIACEM,the-india-cements-ltd
INDIAGLYCO,india-glycols-ltd
INDIAMART,indiamart-intermesh-ltd
INDIANB,indian-bank
INDIANCARD,indian-card-clothing-company-ltd
INDIANHUME,indian-hume-pipe-company-ltd
INDIASHLTR,india-shelter-finance-corporation-ltd
INDIGO,interglobe-aviation-ltd
INDIGOPNTS,indigo-paints-ltd
INDIQUBE,indiqube-spaces-ltd
INDNIPPON,india-nippon-electricals-ltd
INDOAMIN,indo-amines-ltd
INDOBORAX,indo-borax-chemicals-ltd
INDOCO,indoco-remedies-ltd
INDOFARM,indo-farm-equipment-ltd
INDOKEM,indokem-ltd
INDOMIM,indo-mim-ltd
INDORAMA,indo-rama-synthetics-india-ltd
INDOSTAR,indostar-capital-finance-ltd
INDOTECH,indo-tech-transformers-ltd
INDOTHAI,indo-thai-securities-ltd
INDOUS,indo-us-biotech-ltd
INDOWIND,indowind-energy-ltd
INDPRUD,industrial-prudential-investment-company-ltd
INDRAMEDCO,indraprastha-medical-corporation-ltd
INDSWFTLAB,ind-swift-laboratories-ltd
INDTERRAIN,indian-terrain-fashions-ltd
INDUSINDBK,indusind-bank-ltd
INDUSTOWER,indus-towers-ltd
INFOBEAN,infobeans-technologies-ltd
INFOMEDIA,infomedia-press-ltd
INFY,infosys-ltd
INGERRAND,ingersoll-rand-india-ltd
INNOVACAP,innova-captab-ltd
INNOVANA,innovana-thinklabs-ltd
INNOVISION,innovision-ltd
INOXGREEN,inox-green-energy-services-ltd
INOXINDIA,inox-india-ltd
INOXWIND,inox-wind-ltd
INSECTICID,insecticides-india-ltd
INSPIRISYS,inspirisys-solutions-ltd
INTELLECT,intellect-design-arena-ltd
INTENTECH,intense-technologies-ltd
INTERARCH,interarch-building-solutions-ltd
INTLCONV,international-conveyors-ltd
INVENTURE,inventure-growth-securities-ltd
INVPRECQ,investment-precision-castings-ltd
IOB,indian-overseas-bank
IOC,indian-oil-corporation-ltd
IOLCP,iol-chemicals-and-pharmaceuticals-ltd
IONEXCHANG,ion-exchange-india-ltd
IPCALAB,ipca-laboratories-ltd
IPL,india-pesticides-ltd
IPRINGLTD,ip-rings-ltd
IRB,irb-infrastructure-developers-ltd
IRCON,ircon-international-ltd
IRCTC,indian-railway-catering-and-tourism-corporation-ltd
IREDA,indian-renewable-energy-development-agency-ltd
IRFC,indian-railway-finance-corporation-ltd
IRIS,iris-regtech-solutions-ltd
IRISDOREME,iris-clothings-ltd
IRMENERGY,irm-energy-ltd
ISFT,intrasoft-technologies-ltd
ISGEC,isgec-heavy-engineering-ltd
ISHANCH,ishan-dyes-and-chemicals-ltd
ISTLTD,i-s-t-ltd
ITC,itc-ltd
ITCHOTELS,itc-hotels-ltd
ITDC,india-tourism-development-corporation-ltd
ITI,iti-ltd
ITL,itl-industries-ltd
IVALUE,ivalue-infosolutions-ltd
IVC,il-fs-investment-managers-ltd
IVP,ivp-ltd
IWP,the-indian-wood-products-company-ltd
IXIGO,le-travenues-technology-ltd
IZMO,izmo-ltd
J&KBANK,the-jammu-kashmir-bank-ltd
JAGRAN,jagran-prakashan-ltd
JAGSNPHARM,jagsonpal-pharmaceuticals-ltd
JAIBALAJI,jai-balaji-industries-ltd
JAICORPLTD,jai-corp-ltd
JAINREC,jain-resource-recycling-ltd
JAIPURKURT,nandani-creation-ltd
JAMNAAUTO,jamna-auto-industries-ltd
JARO,jaro-institute-of-technology-management-and-research-ltd
JASH,jash-engineering-ltd
JAYAGROGN,jayant-agro-organics-ltd
JAYBARMARU,jay-bharat-maruti-ltd
JAYKAY,jaykay-enterprises-ltd
JAYNECOIND,jayaswal-neco-industries-ltd
JAYSREETEA,jayshree-tea-industries-ltd
JBMA,jbm-auto-ltd
JENBURPH,jenburkt-pharmaceuticals-ltd
JETFREIGHT,jet-freight-logistics-ltd
JGCHEM,j-g-chemicals-ltd
JHS,jhs-svendgaard-laboratories-ltd
JINDALPHOT,jindal-photo-ltd
JINDALPOLY,jindal-poly-films-ltd
JINDALSAW,jindal-saw-ltd
JINDALSTEL,jindal-steel-ltd
JINDRILL,jindal-drilling-and-industries-ltd
JINDWORLD,jindal-worldwide-ltd
JIOFIN,jio-financial-services-ltd
JISLDVREQS,jain-irrigation-systems-ltd
JISLJALEQS,jain-irrigation-systems-ltd
JITFINFRA,jitf-infralogistics-ltd
JKCEMENT,jk-cement-ltd
JKIL,j-kumar-infraprojects-ltd
JKIPL,jinkushal-industries-ltd
JKLAKSHMI,jk-lakshmi-cement-ltd
JKPAPER,jk-paper-ltd
JKTYRE,jk-tyre-industries-ltd
JLHL,jupiter-life-line-hospitals-ltd
JMA,jullundur-motor-agency-delhi-ltd
JMFINANCIL,jm-financial-ltd
JNKINDIA,jnk-india-ltd
JNPR,juniper-green-energy-ltd
JOCIL,jocil-ltd
JPOLYINVST,jindal-poly-investment-and-finance-company-ltd
JPPOWER,jaiprakash-power-ventures-ltd
JSFB,jana-small-finance-bank-ltd
JSL,jindal-stainless-ltd
JSLL,jeena-sikho-lifecare-ltd
JSWCEMENT,jsw-cement-ltd
JSWDULUX,jsw-dulux-ltd
JSWENERGY,jsw-energy-ltd
JSWHL,jsw-holdings-ltd
JSWINFRA,jsw-infrastructure-ltd
JSWSTEEL,jsw-steel-ltd
JTEKTINDIA,jtekt-india-ltd
JTLIND,jtl-industries-ltd
JUBLCPL,jubilant-agri-and-consumer-products-ltd
JUBLFOOD,jubilant-foodworks-ltd
JUBLINGREA,jubilant-ingrevia-ltd
JUBLPHARMA,jubilant-pharmova-ltd
JUNIPER,juniper-hotels-ltd
JUSTDIAL,just-dial-ltd
JWL,jupiter-wagons-ltd
JYOTHYLAB,jyothy-labs-ltd
JYOTICNC,jyoti-cnc-automation-ltd
JYOTIRES,jyoti-resins-adhesives-ltd
JYOTISTRUC,jyoti-structures-ltd
KABRAEXTRU,kabra-extrusion-technik-ltd
KAJARIACER,kajaria-ceramics-ltd
KAKATCEM,kakatiya-cement-sugar-industries-ltd
KALAMANDIR,sai-silks-kalamandir-ltd
KALPATARU,kalpataru-ltd
KALYANI,kalyani-commercials-ltd
KALYANIFRG,kalyani-forge-ltd
KALYANKJIL,kalyan-jewellers-india-ltd
KAMAHOLD,kama-holdings-ltd
KAMANWALA,kamanwala-housing-construction-ltd
KAMATHOTEL,kamat-hotels-i-ltd
KAMDHENU,kamdhenu-ltd
KAMOPAINTS,kamdhenu-ventures-ltd
KANANIIND,kanani-industries-ltd
KANCHI,kanchi-karpooram-ltd
KANCOTEA,kanco-tea-industries-ltd
KANORICHEM,kanoria-chemicals-industries-ltd
KANPRPLA,kanpur-plastipack-ltd
KANSAINER,kansai-nerolac-paints-ltd
KAPSTON,kapston-services-ltd
KARMAENG,karma-energy-ltd
KARURVYSYA,karur-vysya-bank-ltd
KAUSHALYA,kaushalya-infrastructure-development-corporation-ltd
KAVDEFENCE,kavveri-defence-wireless-technologies-ltd
KAYA,kaya-ltd
KAYNES,kaynes-technology-india-ltd
KCP,kcp-ltd
KCPSUGIND,kcp-sugar-and-industries-corporation-ltd
KDDL,kddl-ltd
KEC,kec-international-ltd
KECL,kirloskar-electric-company-ltd
KEEPLEARN,dsj-keep-learning-ltd
KEI,kei-industries-ltd
KELLTONTEC,kellton-tech-solutions-ltd
KENNAMET,kennametal-india-ltd
KERNEX,kernex-microsystems-india-ltd
KESORAMIND,kesoram-industries-ltd
KEYFINSERV,keynote-financial-services-ltd
KFINTECH,kfin-technologies-ltd
KHADIM,khadim-india-ltd
KHAICHEM,khaitan-chemicals-fertilizers-ltd
KHAITANLTD,khaitan-india-ltd
KHANDSE,khandwala-securities-ltd
KICL,kalyani-investment-company-ltd
KILITCH,kilitch-drugs-india-ltd
KIMS,krishna-institute-of-medical-sciences-ltd
KINGFA,kingfa-science-technology-india-ltd
KIOCL,kiocl-ltd
KIRANVYPAR,kiran-vyapar-ltd
KIRIINDUS,kiri-industries-ltd
KIRLFER,kirloskar-ferrous-industries-ltd
KIRLOSBROS,kirloskar-brothers-ltd
KIRLOSENG,kirloskar-oil-engines-ltd
KIRLOSIND,kirloskar-industries-ltd
KIRLPNU,kirloskar-pneumatic-company-ltd
KISSHT,onemi-technology-solutions-ltd
KITEX,kitex-garments-ltd
KJMCFIN,kjmc-financial-services-ltd
KKCL,kewal-kiran-clothing-ltd
KLBRENG-B,kilburn-engineering-ltd
KMCSHIL,k-m-c-speciality-hospitals-india-ltd
KMEW,knowledge-marine-engineering-works-ltd
KMSUGAR,k-m-sugar-mills-ltd
KNACK,knack-packaging-ltd
KNAGRI,kn-agri-resources-ltd
KNRCON,knr-constructions-ltd
KOHINOOR,kohinoor-foods-ltd
KOKUYOCMLN,kokuyo-camlin-ltd
KOLTEPATIL,kolte-patil-developers-ltd
KOPRAN,kopran-ltd
KOTAKBANK,kotak-mahindra-bank-ltd
KOTARISUG,kothari-sugars-and-chemicals-ltd
KOTHARIPET,kothari-petrochemicals-ltd
KOTHARIPRO,kothari-products-ltd
KOTIC,kothari-industrial-corporation-ltd
KOTYARK,kotyark-industries-ltd
KOVAI,kovai-medical-center-hospital-ltd
KPEL,k-p-energy-ltd
KPIGREEN,kpi-green-energy-ltd
KPIL,kalpataru-projects-international-ltd
KPITTECH,kpit-technologies-ltd
KPL,kwality-pharmaceuticals-ltd
KPRMILL,k-p-r-mill-ltd
KRBL,krbl-ltd
KREBSBIO,krebs-biochemicals-and-industries-ltd
KRIDHANINF,kridhan-infra-ltd
KRISHANA,krishana-phoschem-ltd
KRISHIVAL,krishival-foods-ltd
KRISHNADEF,krishna-defence-and-allied-industries-ltd
KRITI,kriti-industries-india-ltd
KRITIKA,kritika-wires-ltd
KRITINUT,kriti-nutrients-ltd
KRN,krn-heat-exchanger-and-refrigeration-ltd
KRONOX,kronox-lab-sciences-ltd
KROSS,kross-ltd
KRSNAA,krsnaa-diagnostics-ltd
KRYSTAL,krystal-integrated-services-ltd
KSB,ksb-ltd
KSCL,kaveri-seed-company-ltd
KSE,kse-ltd
KSHINTL,ksh-international-ltd
KSHITIJPOL,kshitij-polyline-ltd
KSL,kalyani-steels-ltd
KSOLVES,ksolves-india-ltd
KSR,ksr-footwear-ltd
KTKBANK,the-karnataka-bank-ltd
KUANTUM,kuantum-papers-ltd
KUSUMGAR,kusumgar-ltd
KWIL,kwality-wall-s-india-ltd
LADDERUP,ladderup-finance-ltd
LAGNAM,lagnam-spintex-ltd
LAHOTIOV,lahoti-overseas-ltd
LAKPRE,lakshmi-precision-screws-ltd
LAKSHMIMIL,lakshmi-mills-company-ltd
LAL,lorenzini-apparels-ltd
LALPATHLAB,dr-lal-path-labs-ltd
LAMBODHARA,lambodhara-textiles-ltd
LANCER,lancer-container-lines-ltd
LANCORHOL,lancor-holdings-ltd
LANDMARK,landmark-cars-ltd
LANDSMILL,landsmill-green-ltd
LAOPALA,la-opala-rg-ltd
LASA,lasa-supergenerics-ltd
LASERPOWER,laser-power-infra-ltd
LATENTVIEW,latent-view-analytics-ltd
LATTEYS,latteys-industries-ltd
LAURUSLABS,laurus-labs-ltd
LAXMICOT,laxmi-cotspin-ltd
LAXMIDENTL,laxmi-dental-ltd
LAXMIINDIA,laxmi-india-finance-ltd
LCCINFOTEC,lcc-infotech-ltd
LCL,lohia-corp-ltd
LEAPIND,leap-india-ltd
LEENEE,lee-nee-softwares-exports-ltd
LEMERITE,le-merite-exports-ltd
LEMONTREE,lemon-tree-hotels-ltd
LENSKART,lenskart-solutions-ltd
LEXUS,lexus-granito-india-ltd
LFIC,lakshmi-finance-industrial-corporation-ltd
LGBBROSLTD,lg-balakrishnan-bros-ltd
LGEINDIA,lg-electronics-india-ltd
LGHL,laxmi-goldorna-house-ltd
LIBAS,libas-consumer-products-ltd
LIBERTSHOE,liberty-shoes-ltd
LICHSGFIN,lic-housing-finance-ltd
LICI,life-insurance-corporation-of-india
LIKHITHA,likhitha-infrastructure-ltd
LINC,linc-ltd
LINCOLN,lincoln-pharmaceuticals-ltd
LINDEINDIA,linde-india-ltd
LKPSEC,lkp-securities-ltd
LLOYDSENGG,lloyds-engineering-works-ltd
LLOYDSENT,lloyds-enterprises-ltd
LLOYDSME,lloyds-metals-and-energy-ltd
LMW,lmw-ltd
LODHA,lodha-developers-ltd
LOKESHMACH,lokesh-machines-ltd
LORDSCHLO,lords-chloro-alkali-ltd
LOTUSCHO,lotus-chocolate-company-ltd
LOTUSDEV,sri-lotus-developers-and-realty-ltd
LOTUSEYE,lotus-eye-hospital-and-institute-ltd
LOVABLE,lovable-lingerie-ltd
LOYALTEX,loyal-textile-mills-ltd
LPDC,landmark-property-development-company-ltd
LT,larsen-toubro-ltd
LTF,l-t-finance-ltd
LTFOODS,lt-foods-ltd
LTM,ltm-ltd
LTTS,l-t-technology-services-ltd
LUMAXIND,lumax-industries-ltd
LUMAXTECH,lumax-auto-technologies-ltd
LUPIN,lupin-ltd
LUXIND,lux-industries-ltd
LXCHEM,laxmi-organic-industries-ltd
LYKALABS,lyka-labs-ltd
M&M,mahindra-mahindra-ltd
M&MFIN,mahindra-mahindra-financial-services-ltd
MAANALU,maan-aluminium-ltd
MACPOWER,macpower-cnc-machines-ltd
MADHAV,madhav-marbles-and-granites-ltd
MADHAVIPL,madhav-infra-projects-ltd
MADHUCON,madhucon-projects-ltd
MADRASFERT,madras-fertilizers-ltd
MAFATIND,mafatlal-industries-ltd
MAGADSUGAR,magadh-sugar-energy-ltd
MAGNUM,magnum-ventures-ltd
MAHABANK,bank-of-maharashtra
MAHAPEXLTD,maha-rashtra-apex-corporation-ltd
MAHASTEEL,mahamaya-steel-industries-ltd
MAHEPC,mahindra-epc-irrigation-ltd
MAHESHWARI,maheshwari-logistics-ltd
MAHLIFE,mahindra-lifespace-developers-ltd
MAHLOG,mahindra-logistics-ltd
MAHSCOOTER,maharashtra-scooters-ltd
MAHSEAMLES,maharashtra-seamless-ltd
MAITHANALL,maithan-alloys-ltd
MAJESAUT,majestic-auto-ltd
MAKERSL,makers-laboratories-ltd
MALLCOM,mallcom-india-ltd
MALUPAPER,malu-paper-mills-ltd
MAMATA,mamata-machinery-ltd
MANAKALUCO,manaksia-aluminium-company-ltd
MANAKCOAT,manaksia-coated-metals-industries-ltd
MANAKSIA,manaksia-ltd
MANAKSTEEL,manaksia-steels-ltd
MANALIPETC,manali-petrochemicals-ltd
MANAPPURAM,manappuram-finance-ltd
MANBA,manba-finance-ltd
MANBRO,manbro-industries-ltd
MANCREDIT,mangal-credit-and-fincorp-ltd
MANGALAM,mangalam-drugs-and-organics-ltd
MANGLMCEM,mangalam-cement-ltd
MANINDS,man-industries-india-ltd
MANINFRA,man-infraconstruction-ltd
MANIPALHOS,manipal-health-enterprises-ltd
MANKIND,mankind-pharma-ltd
MANOMAY,manomay-tex-india-ltd
MANORAMA,manorama-industries-ltd
MANORG,mangalam-organics-ltd
MANUGRAPH,manugraph-india-ltd
MANYAVAR,vedant-fashions-ltd
MAPMYINDIA,c-e-info-systems-ltd
MARALOVER,maral-overseas-ltd
MARATHON,marathon-nextgen-realty-ltd
MARICO,marico-ltd
MARINE,marine-electricals-india-ltd
MARKOLINES,markolines-pavement-technologies-ltd
MARKSANS,marksans-pharma-ltd
MARSONS,marsons-ltd
MARUTI,maruti-suzuki-india-ltd
MASFIN,mas-financial-services-ltd
MASKINVEST,mask-investments-ltd
MASTEK,mastek-ltd
MASTERTR,master-trust-ltd
MATRIMONY,matrimony-com-ltd
MAWANASUG,mawana-sugars-ltd
MAXESTATES,max-estates-ltd
MAXHEALTH,max-healthcare-institute-ltd
MAXIND,max-india-ltd
MAYURUNIQ,mayur-uniquoters-ltd
MAZDA,mazda-ltd
MAZDOCK,mazagon-dock-shipbuilders-ltd
MBAPL,madhya-bharat-agro-products-ltd
MBEL,m-b-engineering-ltd
MBLINFRA,mbl-infrastructure-ltd
MCCHRLS-B,mac-charles-india-ltd
MCL,m-tek-copper-ltd
MCLEODRUSS,mcleod-russel-india-ltd
MCLOUD,magellanic-cloud-ltd
MCX,multi-commodity-exchange-of-india-ltd
MEDANTA,global-health-ltd
MEDIASSIST,medi-assist-healthcare-services-ltd
MEDICAMEQ,medicamen-biotech-ltd
MEDICAPQ,medi-caps-ltd
MEDICO,medico-remedies-ltd
MEDPLUS,medplus-health-services-ltd
MEESHO,meesho-ltd
MEGASTAR,megastar-foods-ltd
MEIL,mangal-electrical-industries-ltd
MENNPIS,menon-pistons-ltd
MENONBE,menon-bearings-ltd
MEP,mep-infrastructure-developers-ltd
MERCANTILE,mercantile-ventures-ltd
MERCURYEV,mercury-ev-tech-ltd
METROBRAND,metro-brands-ltd
METROGLOBL,metroglobal-ltd
METROPOLIS,metropolis-healthcare-ltd
MFML,mahalaxmi-fabric-mills-ltd
MFSL,max-financial-services-ltd
MGEL,mangalam-global-enterprise-ltd
MGL,mahanagar-gas-ltd
MHLXMIRU,mahalaxmi-rubtech-ltd
MHRIL,mahindra-holidays-resorts-india-ltd
MICEL,mic-electronics-ltd
MIDHANI,mishra-dhatu-nigam-ltd
MIDWESTLTD,midwest-ltd
MIIL,meghna-infracon-infrastructure-ltd
MILKYMIST,milky-mist-dairy-food-ltd
MINALIND,minal-industries-ltd
MINDACORP,minda-corporation-ltd
MINDTECK,mindteck-india-ltd
MIRZAINT,mirza-international-ltd
MITCON,mitcon-consultancy-engineering-services-ltd
MITTAL,mittal-life-style-ltd
MKEXIM,m-k-exim-india-ltd
MKPL,m-k-proteins-ltd
MLKFOOD,milkfood-ltd
MMFL,mm-forgings-ltd
MMP,mmp-industries-ltd
MMTC,mmtc-ltd
MMWL,media-matrix-worldwide-ltd
MOBIKWIK,one-mobikwik-systems-ltd
MODINATUR,modi-naturals-ltd
MODIRUBBER,modi-rubber-ltd
MODIS,modis-navnirman-ltd
MODISONLTD,modison-ltd
MODTHREAD,modern-threads-india-ltd
MOHITE,mohite-industries-ltd
MOHITIND,mohit-industries-ltd
MOIL,moil-ltd
MOKSH,moksh-ornaments-ltd
MOL,meghmani-organics-ltd
MOLBIO,molbio-diagnostics-ltd
MOLDTECH,mold-tek-technologies-ltd
MOLDTKPAC,mold-tek-packaging-ltd
MONARCH,monarch-networth-capital-ltd
MONEYBOXX,moneyboxx-finance-ltd
MONTECARLO,monte-carlo-fashions-ltd
MOREPENLAB,morepen-laboratories-ltd
MOSCHIP,moschip-technologies-ltd
MOTHERSON,samvardhana-motherson-international-ltd
MOTILALOFS,motilal-oswal-financial-services-ltd
MOTISONS,motisons-jewellers-ltd
MOTOGENFIN,the-motor-general-finance-ltd
MPDL,mpdl-ltd
MPHASIS,mphasis-ltd
MPSLTD,mps-ltd
MRF,mrf-ltd
MRPL,mangalore-refinery-and-petrochemicals-ltd
MSL,mangalam-seeds-ltd
MSPL,msp-steel-power-ltd
MSTCLTD,mstc-ltd
MSUMI,motherson-sumi-wiring-india-ltd
MTARTECH,mtar-technologies-ltd
MTEDUCARE,mt-educare-ltd
MTNL,mahanagar-telephone-nigam-ltd
MUFIN,mufin-green-finance-ltd
MUFTI,credo-brands-marketing-ltd
MUKANDLTD,mukand-ltd
MUKESHB,mukesh-babu-financial-services-ltd
MUKKA,mukka-proteins-ltd
MUKTAARTS,mukta-arts-ltd
MUNJALAU,munjal-auto-industries-ltd
MUNJALSHOW,munjal-showa-ltd
MURUDCERA,murudeshwar-ceramics-ltd
MUTHOOTCAP,muthoot-capital-services-ltd
MUTHOOTFIN,muthoot-finance-ltd
MUTHOOTMF,muthoot-microfin-ltd
MVELECTRO,mv-electrosystems-ltd
MVGJL,manoj-vaibhav-gems-n-jewellers-ltd
MWL,mangalam-worldwide-ltd
MYSORPETRO,mysore-petro-chemicals-ltd
NACLIND,nacl-industries-ltd
NAGREEKCAP,nagreeka-capital-infrastructure-ltd
NAGREEKEXP,nagreeka-exports-ltd
NAHARCAP,nahar-capital-and-financial-services-ltd
NAHARINDUS,nahar-industrial-enterprises-ltd
NAHARPOLY,nahar-poly-films-ltd
NAHARSPING,nahar-spinning-mills-ltd
NAM-INDIA,nippon-life-india-asset-management-ltd
NARMADA,narmada-agrobase-ltd
NATCAPSUQ,natural-capsules-ltd
NATCOPHARM,natco-pharma-ltd
NATHBIOGEN,nath-bio-genes-india-ltd
NATIONALUM,national-aluminium-company-ltd
NATIONSTD,national-standard-india-ltd
NAUKRI,info-edge-india-ltd
NAVA,nava-ltd
NAVINFLUOR,navin-fluorine-international-ltd
NAVKARCORP,navkar-corporation-ltd
NAVKARURB,navkar-urbanstructure-ltd
NAVNETEDUL,navneet-education-ltd
NAZARA,nazara-technologies-ltd
NBCC,nbcc-india-ltd
NBIFIN,n-b-i-industrial-finance-company-ltd
NCC,ncc-ltd
NCLIND,ncl-industries-ltd
NDGL,naga-dhunseri-group-ltd
NDL,nandan-denim-ltd
NDLVENTURE,ndl-ventures-ltd
NDRAUTO,ndr-auto-components-ltd
NDTV,new-delhi-television-ltd
NEAGI,neelamalai-agro-industries-ltd
NECCLTD,north-eastern-carrying-corporation-ltd
NECLIFE,nectar-lifesciences-ltd
NELCAST,nelcast-ltd
NELCO,nelco-ltd
NEOGEN,neogen-chemicals-ltd
NEPHROPLUS,nephrocare-health-services-ltd
NESCO,nesco-ltd
NESTLEIND,nestle-india-ltd
NETWEB,netweb-technologies-india-ltd
NETWORK18,network18-media-investments-ltd
NEUEON,neueon-corporation-ltd
NEULANDLAB,neuland-laboratories-ltd
NEWGEN,newgen-software-technologies-ltd
NEXTMEDIA,next-mediaworks-ltd
NFL,national-fertilizers-ltd
NGIL,nakoda-group-of-industries-ltd
NGLFINE,ngl-fine-chem-ltd
NH,narayana-hrudayalaya-ltd
NHPC,nhpc-ltd
NIACL,the-new-india-assurance-company-ltd
NIBE,nibe-ltd
NIBL,nrb-industrial-bearings-ltd
NICCOPAR,nicco-parks-resorts-ltd
NIITLTD,niit-ltd
NIITMTS,niit-learning-systems-ltd
NILAINFRA,nila-infrastructures-ltd
NILASPACES,nila-spaces-ltd
NILE,nile-ltd
NILKAMAL,nilkamal-ltd
NIMBSPROJ,nimbus-projects-ltd
NINSYS,nintec-systems-ltd
NIPPOBATRY,indo-national-ltd
NIRAJ,niraj-cement-structurals-ltd
NIRAJISPAT,niraj-ispat-industries-ltd
NIRLON,nirlon-ltd
NITCO,nitco-ltd
NITINSPIN,nitin-spinners-ltd
NITIRAJ,nitiraj-engineers-ltd
NITTAGELA,nitta-gelatin-india-ltd
NIVABUPA,niva-bupa-health-insurance-company-ltd
NKIND,nk-industries-ltd
NLCINDIA,nlc-india-ltd
NMDC,nmdc-ltd
NOCIL,nocil-ltd
NOIDATOLL,noida-toll-bridge-company-ltd
NORBTEAEXP,norben-tea-exports-ltd
NORTHARC,northern-arc-capital-ltd
NOVAAGRI,nova-agritech-ltd
NOVARTIND,novartis-india-ltd
NPST,network-people-services-technologies-ltd
NRAIL,n-r-agarwal-industries-ltd
NRBBEARING,nrb-bearing-ltd
NRL,nupur-recyclers-ltd
NSIL,nalwa-sons-investments-ltd
NSLNISP,nmdc-steel-ltd
NTCIND,ntc-industries-ltd
NTPC,ntpc-ltd
NTPCGREEN,ntpc-green-energy-ltd
NUCLEUS,nucleus-software-exports-ltd
NURECA,nureca-ltd
NUVAMA,nuvama-wealth-management-ltd
NUVOCO,nuvoco-vistas-corporation-ltd
NYKAA,fsn-e-commerce-ventures-ltd
OAL,oriental-aromatics-ltd
OBCL,obcl-ltd
OBEROIRLTY,oberoi-realty-ltd
OCCLLTD,occl-ltd
ODIGMA,odigma-consultancy-solutions-ltd
ODYCORP,odyssey-corporation-ltd
OFSS,oracle-financial-services-software-ltd
OIL,oil-india-ltd
OILCOUNTUB,oil-country-tubular-ltd
OLAELEC,ola-electric-mobility-ltd
OLECTRA,olectra-greentech-ltd
OMAXAUTO,omax-autos-ltd
OMAXE,omaxe-ltd
OMFREIGHT,om-freight-forwarders-ltd
OMINFRAL,om-infra-ltd
OMNI,omnitech-engineering-ltd
OMPOWER,om-power-transmission-ltd
ONEGLOBAL,one-global-service-provider-ltd
ONELIFECAP,onelife-capital-advisors-ltd
ONEPOINT,one-point-one-solutions-ltd
ONESOURCE,onesource-specialty-pharma-ltd
ONGC,oil-natural-gas-corporation-ltd
ONIDA,onida-electronics-ltd
ONIXSOLAR,onix-solar-energy-ltd
ONMOBILE,onmobile-global-ltd
ONWARDTEC,onward-technologies-ltd
OPTIEMUS,optiemus-infracom-ltd
OPTIFIN,optimus-finance-ltd
ORBTEXP,orbit-exports-ltd
ORCHASP,orchasp-ltd
ORCHPHARMA,orchid-pharma-ltd
ORICONENT,oricon-enterprises-ltd
ORIENTALTL,oriental-trimex-ltd
ORIENTBELL,orient-bell-ltd
ORIENTCEM,orient-cement-ltd
ORIENTCER,orient-ceratech-ltd
ORIENTELEC,orient-electric-ltd
ORIENTHOT,oriental-hotels-ltd
ORIENTLTD,orient-press-ltd
ORIENTPPR,orient-paper-industries-ltd
ORIENTTECH,orient-technologies-ltd
ORIRAIL,oriental-rail-infrastructure-ltd
ORISSAMINE,the-orissa-minerals-development-company-ltd
ORKLAINDIA,orkla-india-ltd
ORTINGLOBE,ortin-global-ltd
OSIAHYPER,osia-hyper-retail-ltd
OSWALAGRO,oswal-agro-mills-ltd
OSWALGREEN,oswal-greentech-ltd
OSWALPUMPS,oswal-pumps-ltd
OSWALSEEDS,shreeoswal-seeds-and-chemicals-ltd
PACEDIGITK,pace-digitek-ltd
PACIFICI,pacific-industries-ltd
PAGEIND,page-industries-ltd
PAISALO,paisalo-digital-ltd
PAKKA,pakka-ltd
PALASHSECU,palash-securities-ltd
PALREDTEC,palred-technologies-ltd
PANACEABIO,panacea-biotec-ltd
PANACHE,panache-digilife-ltd
PANAMAPET,panama-petrochem-ltd
PANCHMAHQ,panchmahal-steel-ltd
PANORAMA,panorama-studios-international-ltd
PANSARI,pansari-developers-ltd
PAR,par-drugs-and-chemicals-ltd
PARACABLES,paramount-communications-ltd
PARADEEP,paradeep-phosphates-ltd
PARAGMILK,parag-milk-foods-ltd
PARAS,paras-defence-and-space-technologies-ltd
PARASPETRO,paras-petrofils-ltd
PARKHOSPS,park-medi-world-ltd
PARKHOTELS,apeejay-surrendra-park-hotels-ltd
PARNAXLAB,parnax-lab-ltd
PARSVNATH,parsvnath-developers-ltd
PASHUPATI,pashupati-cotspin-ltd
PASUPTAC,pasupati-acrylon-ltd
PATANJALI,patanjali-foods-ltd
PATELENG,patel-engineering-ltd
PATELRMART,patel-retail-ltd
PATINTLOG,patel-integrated-logistics-ltd
PAUSHAKLTD,paushak-ltd
PAVNAIND,pavna-industries-ltd
PAYTM,one-97-communications-ltd
PBMPOLY,pbm-polytex-ltd
PCBL,pcbl-chemical-ltd
PCJEWELLER,pc-jeweller-ltd
PDMJEPAPER,pudumjee-paper-products-ltd
PDSL,pds-ltd
PEARLPOLY,pearl-polymers-ltd
PENIND,pennar-industries-ltd
PENINLAND,peninsula-land-ltd
PERMAGN,permanent-magnets-ltd
PERSISTENT,persistent-systems-ltd
PETRONET,petronet-lng-ltd
PFC,power-finance-corporation-ltd
PFIZER,pfizer-ltd
PFOCUS,prime-focus-ltd
PFS,ptc-india-financial-services-ltd
PGEL,pg-electroplast-ltd
PGHH,procter-gamble-hygiene-and-health-care-ltd
PGHL,procter-gamble-health-ltd
PGIL,pearl-global-industries-ltd
PHOENIXLTD,the-phoenix-mills-ltd
PHOENXINTL,phoenix-international-ltd
PICCADIL,piccadily-agro-industries-ltd
PIDILITIND,pidilite-industries-ltd
PIGL,power-instrumentation-gujarat-ltd
PIIND,pi-industries-ltd
PILANIINVS,pilani-investment-and-industries-corporation-ltd
PILITA,pil-italica-lifestyle-ltd
PINELABS,pine-labs-ltd
PIONEEREMB,pioneer-embroideries-ltd
PIONRINV,pioneer-investcorp-ltd
PIRAMALFIN,piramal-finance-ltd
PITTIENG,pitti-engineering-ltd
PIXTRANS,pix-transmissions-ltd
PKTEA,the-peria-karamalai-tea-produce-company-ltd
PLASTIBLEN,plastiblends-india-ltd
PLATIND,platinum-industries-ltd
PLAZACABLE,plaza-wires-ltd
PML,paul-merchants-ltd
PNB,punjab-national-bank
PNBGILTS,pnb-gilts-ltd
PNBHOUSING,pnb-housing-finance-ltd
PNC,pritish-nandy-communications-ltd
PNCINFRA,pnc-infratech-ltd
PNGJL,p-n-gadgil-jewellers-ltd
PNGSREVA,pngs-reva-diamond-jewellery-ltd
POCL,pondy-oxides-chemicals-ltd
PODDARMENT,poddar-pigments-ltd
POEL,pocl-enterprises-ltd
POKARNA,pokarna-ltd
POLICYBZR,pb-fintech-ltd
POLYCAB,polycab-india-ltd
POLYMED,poly-medicure-ltd
POLYPLEX,polyplex-corporation-ltd
POLYSPIN,polyspin-exports-ltd
PONNIERODE,ponni-sugars-erode-ltd
POONAWALLA,poonawalla-fincorp-ltd
POWERGRID,power-grid-corporation-of-india-ltd
POWERICA,powerica-ltd
POWERINDIA,hitachi-energy-india-ltd
POWERMECH,power-mech-projects-ltd
PPAP,ppap-automotive-ltd
PPL,prakash-pipes-ltd
PPLPHARMA,piramal-pharma-ltd
PRABHA,prabha-energy-ltd
PRADPME,pradeep-metals-ltd
PRAENG,prajay-engineers-syndicate-ltd
PRAJIND,praj-industries-ltd
PRAKASH,prakash-industries-ltd
PRAKASHSTL,prakash-steelage-ltd
PRAVEG,praveg-ltd
PRAXIS,praxis-home-retail-ltd
PRECAM,precision-camshafts-ltd
PRECOT,precot-ltd
PRECWIRE,precision-wires-india-ltd
PREMCO,premco-global-ltd
PREMEXPLN,premier-explosives-ltd
PREMIER,premier-ltd
PREMIERENE,premier-energies-ltd
PREMIERPOL,premier-polyfilm-ltd
PRESTIGE,prestige-estates-projects-ltd
PRICOLLTD,pricol-ltd
PRIMESECU,prime-securities-ltd
PRIMO,primo-chemicals-ltd
PRINCEPIPE,prince-pipes-and-fittings-ltd
PRISMX,prismx-global-ventures-ltd
PRITI,priti-international-ltd
PRITIKAUTO,pritika-auto-industries-ltd
PRIVISCL,privi-speciality-chemicals-ltd
PROSTARM,prostarm-info-systems-ltd
PROTEAN,protean-egov-technologies-ltd
PROZONER,prozone-realty-ltd
PRSMJOHNSN,prism-johnson-ltd
PRUDENT,prudent-corporate-advisory-services-ltd
PRUDMOULI,prudential-sugar-corporation-ltd
PSB,punjab-sind-bank
PSPPROJECT,psp-projects-ltd
PTC,ptc-india-ltd
PTCIL,ptc-industries-ltd
PTL,ptl-enterprises-ltd
PUNJABCHEM,punjab-chemicals-crop-protection-ltd
PURVA,puravankara-ltd
PVP,pvp-ventures-ltd
PVRINOX,pvr-inox-ltd
PVSL,popular-vehicles-and-services-ltd
PWL,physicswallah-ltd
PYRAMID,pyramid-technoplast-ltd
QMSMEDI,qms-medical-allied-services-ltd
QPOWER,quality-power-electrical-equipments-ltd
QUADFUTURE,quadrant-future-tek-ltd
QUESS,quess-corp-ltd
QUICKHEAL,quick-heal-technologies-ltd
QUINT,quint-digital-ltd
RACE,race-eco-chain-ltd
RACLGEAR,racl-geartech-ltd
RADAAN,radaan-mediaworks-india-ltd
RADHIKAJWE,radhika-jeweltech-ltd
RADIANTCMS,radiant-cash-management-services-ltd
RADICO,radico-khaitan-ltd
RADIOCITY,music-broadcast-ltd
RAILTEL,railtel-corporation-of-india-ltd
RAIN,rain-industries-ltd
RAINBOW,rainbow-childrens-medicare-ltd
RAJESHEXPO,rajesh-exports-ltd
RAJMET,rajnandini-metal-ltd
RAJOOENG,rajoo-engineers-ltd
RAJPALAYAM,rajapalayam-mills-ltd
RAJRATAN,rajratan-global-wire-ltd
RAJRILTD,raj-rayon-industries-ltd
RAJSREESUG,rajshree-sugars-chemicals-ltd
RAJTV,raj-television-network-ltd
RALLIS,rallis-india-ltd
RAMANEWS,shree-rama-newsprint-ltd
RAMAPHO,rama-phosphates-ltd
RAMASTEEL,rama-steel-tubes-ltd
RAMBHAJO,advit-jewels-ltd
RAMCOCEM,the-ramco-cements-ltd
RAMCOIND,ramco-industries-ltd
RAMCOSYS,ramco-systems-ltd
RAMKY,ramky-infrastructure-ltd
RAMRAT,ram-ratna-wires-ltd
RANASUG,rana-sugars-ltd
RANEHOLDIN,rane-holdings-ltd
RATEGAIN,rategain-travel-technologies-ltd
RATNAMANI,ratnamani-metals-tubes-ltd
RATNAVEER,ratnaveer-precision-engineering-ltd
RAYMOND,raymond-ltd
RAYMONDLSL,raymond-lifestyle-ltd
RAYMONDREL,raymond-realty-ltd
RBA,restaurant-brands-asia-ltd
RBLBANK,rbl-bank-ltd
RBZJEWEL,rbz-jewellers-ltd
RCF,rashtriya-chemicals-and-fertilizers-ltd
RCOM,reliance-communications-ltd
RECLTD,rec-ltd
REDINGTON,redington-ltd
REDTAPE,redtape-ltd
REFEX,refex-industries-ltd
REGAAL,regaal-resources-ltd
REGENCERAM,regency-ceramics-ltd
RELAXO,relaxo-footwears-ltd
RELCHEMQ,reliance-chemotex-industries-ltd
RELIABLE,reliable-data-services-ltd
RELIANCE,reliance-industries-ltd
RELIGARE,religare-enterprises-ltd
RELINFRA,reliance-infrastructure-ltd
RELTD,ravindra-energy-ltd
REMSONSIND,remsons-industries-ltd
RENUKA,shree-renuka-sugars-ltd
REPCOHOME,repco-home-finance-ltd
REPL,rudrabhishek-enterprises-ltd
REPRO,repro-india-ltd
RESPONIND,responsive-industries-ltd
RETAIL,jhs-svendgaard-retail-ventures-ltd
RGL,renaissance-global-ltd
RHETAN,rhetan-tmt-ltd
RHFL,reliance-home-finance-ltd
RHIM,rhi-magnesita-india-ltd
RHL,robust-hotels-ltd
RICOAUTO,rico-auto-industries-ltd
RIIL,reliance-industrial-infrastructure-ltd
RIR,rir-power-electronics-ltd
RISHABH,rishabh-instruments-ltd
RITCO,ritco-logistics-ltd
RITES,rites-ltd
RKDL,ravi-kumar-distilleries-ltd
RKEC,rkec-projects-ltd
RKFORGE,ramkrishna-forgings-ltd
RKSWAMY,r-k-swamy-ltd
RMC,rmc-switchgears-ltd
RMDRIP,r-m-drip-and-sprinklers-systems-ltd
RML,rane-madras-ltd
RNBDENIMS,r-b-denims-ltd
ROHLTD,royal-orchid-hotels-ltd
ROLEXRINGS,rolex-rings-ltd
ROLLT,rollatainers-ltd
ROML,raj-oil-mills-ltd
ROSSARI,rossari-biotech-ltd
ROSSELLIND,rossell-india-ltd
ROSSTECH,rossell-techsys-ltd
ROTO,roto-pumps-ltd
ROUTE,route-mobile-ltd
RPEL,raghav-productivity-enhancers-ltd
RPGLIFE,rpg-life-sciences-ltd
RPOWER,reliance-power-ltd
RPPINFRA,r-p-p-infra-projects-ltd
RPPL,rajshree-polypack-ltd
RPSGVENT,rpsg-ventures-ltd
RPTECH,rashi-peripherals-ltd
RRECL,rdb-real-estate-constructions-ltd
RRIL,rril-ltd
RRKABEL,r-r-kabel-ltd
RSDFIN,rsd-finance-ltd
RSL,rajputana-stainless-ltd
RSSOFTWARE,r-s-software-india-ltd
RSWM,rswm-ltd
RSYSTEMS,r-systems-international-ltd
RTNINDIA,rattanindia-enterprises-ltd
RTNPOWER,rattanindia-power-ltd
RTSPOWR,rts-power-corporation-ltd
RUBFILA,rubfila-international-ltd
RUBICON,rubicon-research-ltd
RUBYMILLS,the-ruby-mills-ltd
RUCHINFRA,ruchi-infrastructure-ltd
RUCHIRA,ruchira-papers-ltd
RUDRA,rudra-global-infra-products-ltd
RUPA,rupa-company-ltd
RUSHIL,rushil-decor-ltd
RUSTOMJEE,keystone-realtors-ltd
RVHL,ravinder-heights-ltd
RVNL,rail-vikas-nigam-ltd
RVTH,revathi-equipment-india-ltd
S&SPOWER,s-s-power-switchgears-ltd
SAATVIKGL,saatvik-green-energy-ltd
SAB,sab-industries-ltd
SADBHAV,sadbhav-engineering-ltd
SADBHIN,sadbhav-infrastructure-project-ltd
SADHNANIQ,sadhana-nitrochem-ltd
SAFARI,safari-industries-india-ltd
SAGARDEEP,sagardeep-alloys-ltd
SAGCEM,sagar-cements-ltd
SAGILITY,sagility-ltd
SAHLIBHFI,shalibhadra-finance-ltd
SAHYADRI,sahyadri-industries-ltd
SAICAPI,sai-capital-ltd
SAIL,steel-authority-of-india-ltd
SAILIFE,sai-life-sciences-ltd
SAIPARENT,sai-parenterals-ltd
SAKAR,sakar-healthcare-ltd
SAKHTISUG,sakthi-sugars-ltd
SAKSOFT,saksoft-ltd
SAKUMA,sakuma-exports-ltd
SALASAR,salasar-techno-engineering-ltd
SALONA,salona-cotspin-ltd
SALSTEEL,s-a-l-steel-ltd
SALZERELEC,salzer-electronics-ltd
SAMBANDAM,sambandam-spinning-mills-ltd
SAMBHAAV,sambhaav-media-ltd
SAMBHV,sambhv-steel-tubes-ltd
SAMHI,samhi-hotels-ltd
SAMMAANCAP,sammaan-capital-ltd
SAMPANN,sampann-utpadan-india-ltd
SANATHAN,sanathan-textiles-ltd
SANDESH,the-sandesh-ltd
SANDHAR,sandhar-technologies-ltd
SANDUMA,sandur-manganese-iron-ores-ltd
SANGAMIND,sangam-india-ltd
SANGHVIMOV,sanghvi-movers-ltd
SANGINITA,sanginita-chemicals-ltd
SANOFI,sanofi-india-ltd
SANOFICONR,sanofi-consumer-healthcare-india-ltd
SANSERA,sansera-engineering-ltd
SANSTAR,sanstar-ltd
SANWARIA,sanwaria-consumer-ltd
SAPPHIRE,sapphire-foods-india-ltd
SAPPL,shree-ajit-pulp-paper-ltd
SARDAEN,sarda-energy-minerals-ltd
SAREGAMA,saregama-india-ltd
SARLAPOLY,sarla-performance-fibers-ltd
SARVESHWAR,sarveshwar-foods-ltd
SASKEN,sasken-technologies-ltd
SATIA,satia-industries-ltd
SATIN,satin-creditcare-network-ltd
SAURASHCEM,saurashtra-cement-ltd
SAYAJIHOTL,sayaji-hotels-ltd
SAYAJIIND,sayaji-industries-ltd
SBC,sbc-exports-ltd
SBCL,shivalik-bimetal-controls-ltd
SBFC,sbfc-finance-ltd
SBGLP,suratwwala-business-group-ltd
SBICARD,sbi-cards-and-payment-services-ltd
SBIFUNDS,sbi-funds-management-ltd
SBILIFE,sbi-life-insurance-company-ltd
SBIN,state-bank-of-india
SCANSTL,scan-steels-ltd
SCHAEFFLER,schaeffler-india-ltd
SCHAND,s-chand-and-company-ltd
SCHNEIDER,schneider-electric-infrastructure-ltd
SCI,shipping-corporation-of-india-ltd
SCILAL,shipping-corporation-of-india-land-and-assets-ltd
SCODATUBES,scoda-tubes-ltd
SCPL,sheetal-cool-products-ltd
SDBL,som-distilleries-breweries-ltd
SEAMECLTD,seamec-ltd
SECMARK,secmark-consultancy-ltd
SECURKLOUD,securekloud-technologies-ltd
SEDEMAC,sedemac-mechatronics-ltd
SEIL,shanti-educational-initiatives-ltd
SEJALLTD,sejal-glass-ltd
SEKURITIND,saint-gobain-sekurit-india-ltd
SELMC,sel-manufacturing-company-ltd
SEMAC,semac-construction-ltd
SENCO,senco-gold-ltd
SENORES,senores-pharmaceuticals-ltd
SEPC,sepc-ltd
SERVOTECH,servotech-renewable-power-system-ltd
SESHAPAPER,seshasayee-paper-and-boards-ltd
SETCO,setco-automotive-ltd
SETL,standard-engineering-technology-ltd
SETUINFRA,setubandhan-infrastructure-ltd
SEYAIND,seya-industries-ltd
SFL,sheela-foam-ltd
SGFIN,sg-finserve-ltd
SGIL,synergy-green-industries-ltd
SGL,stl-global-ltd
SGLRES,sgl-resources-ltd
SGMART,sg-mart-ltd
SGRL,shree-ganesh-remedies-ltd
SHADOWFAX,shadowfax-technologies-ltd
SHAH,shah-metacorp-ltd
SHAHALLOYS,shah-alloys-ltd
SHAILY,shaily-engineering-plastics-ltd
SHAKTIPUMP,shakti-pumps-india-ltd
SHALBY,shalby-ltd
SHALPAINTS,shalimar-paints-ltd
SHANKARA,shankara-building-products-ltd
SHANTI,shanti-overseas-india-ltd
SHANTIGEAR,shanthi-gears-ltd
SHANTIGOLD,shanti-gold-international-ltd
SHARDACROP,sharda-cropchem-ltd
SHARDAMOTR,sharda-motor-industries-ltd
SHARDUL,shardul-securities-ltd
SHAREINDIA,share-india-securities-ltd
SHBAJRG,shri-bajrang-alliance-ltd
SHEKHAWATI,shekhawati-industries-ltd
SHEMAROO,shemaroo-entertainment-ltd
SHERVANI,shervani-industrial-syndicate-ltd
SHILCTECH,shilchar-technologies-ltd
SHILGRAVQ,shilp-gravures-ltd
SHILPAMED,shilpa-medicare-ltd
SHINDL,sharat-industries-ltd
SHIPROCKET,shiprocket-ltd
SHIVAAGRO,shiva-global-agro-industries-ltd
SHIVACEM,shiva-cement-ltd
SHIVALIK,shivalik-rasayan-ltd
SHIVAMAUTO,shivam-autotech-ltd
SHIVAMILLS,shiva-mills-ltd
SHIVATEX,shiva-texyarn-ltd
SHIVAUM,shiv-aum-steels-ltd
SHK,s-h-kelkar-and-company-ltd
SHOPERSTOP,shoppers-stop-ltd
SHRADDHA,shraddha-prime-projects-ltd
SHRADHA,shradha-realty-ltd
SHREDIGCEM,shree-digvijay-cement-co-ltd
SHREECEM,shree-cement-ltd
SHREEJISPG,shreeji-shipping-global-ltd
SHREEPUSHK,shree-pushkar-chemicals-fertilisers-ltd
SHREERAMA,shree-rama-multi-tech-ltd
SHRENIK,shrenik-ltd
SHREYANIND,shreyans-industries-ltd
SHRIKRISH,shri-krishna-devcon-ltd
SHRINGARMS,shringar-house-of-mangalsutra-ltd
SHRIPISTON,spr-auto-technologies-ltd
SHRIRAMFIN,shriram-finance-ltd
SHRIRAMPPS,shriram-properties-ltd
SHRJAGP,shri-jagdamba-polymers-ltd
SHUKRAPHAR,shukra-pharmaceuticals-ltd
SHYAMCENT,shyam-century-ferrous-ltd
SHYAMMETL,shyam-metalics-and-energy-ltd
SHYAMTEL,shyam-telecom-ltd
SICAGEN,sicagen-india-ltd
SICALLOG,sical-logistics-ltd
SIEL,superior-industrial-enterprises-ltd
SIEMENS,siemens-ltd
SIGACHI,sigachi-industries-ltd
SIGIND,signet-industries-ltd
SIGMA,sigma-solve-ltd
SIGMAADV,sigma-advanced-systems-ltd
SIGNATURE,signatureglobal-india-ltd
SIGNPOST,signpost-india-ltd
SIKA,sika-interplant-systems-ltd
SIKKO,sikko-industries-ltd
SIL,standard-industries-ltd
SILGO,silgo-retail-ltd
SILINV,sil-investments-ltd
SILLYMONKS,silly-monks-entertainment-ltd
SILVERTUC,silver-touch-technologies-ltd
SIMBHALS,simbhaoli-sugars-ltd
SIMPLEXINF,simplex-infrastructures-ltd
SIMPLXREA,simplex-realty-ltd
SINCLAIR,sinclairs-hotels-ltd
SINDHUTRAD,sindhu-trade-links-ltd
SINGERIND,singer-india-ltd
SINTERCOM,sintercom-india-ltd
SIRCA,sirca-paints-india-ltd
SIS,sis-ltd
SITINET,siti-networks-ltd
SIYSIL,siyaram-silk-mills-ltd
SJS,s-j-s-enterprises-ltd
SJVN,sjvn-ltd
SKFINDIA,skf-india-ltd
SKFINDUS,skf-india-industrial-ltd
SKIPPER,skipper-ltd
SKMEGGPROD,skm-egg-products-export-india-ltd
SKYGOLD,sky-gold-and-diamonds-ltd
SMARTLINK,smartlink-holdings-ltd
SMARTWORKS,smartworks-coworking-spaces-ltd
SMCGLOBAL,smc-global-securities-ltd
SMLMAH,sml-mahindra-ltd
SMLT,sarthak-metals-ltd
SMSPHARMA,sms-pharmaceuticals-ltd
SNOWMAN,snowman-logistics-ltd
SOBHA,sobha-ltd
SOFTTECH,softtech-engineers-ltd
SOLARA,solara-active-pharma-sciences-ltd
SOLARINDS,solar-industries-india-ltd
SOLARWORLD,solarworld-energy-solutions-ltd
SOLEX,solex-energy-ltd
SOMANYCERA,somany-ceramics-ltd
SOMATEX,soma-textiles-industries-ltd
SOMICONVEY,somi-conveyor-beltings-ltd
SONACOMS,sona-blw-precision-forgings-ltd
SONAL,sonal-mercantile-ltd
SONAMLTD,sonam-ltd
SONATSOFTW,sonata-software-ltd
SOTL,savita-oil-technologies-ltd
SOUTHBANK,the-south-indian-bank-ltd
SOUTHWEST,south-west-pinnacle-exploration-ltd
SPAL,s-p-apparels-ltd
SPANDANA,spandana-sphoorty-financial-ltd
SPARC,sun-pharma-advanced-research-company-ltd
SPCENET,spacenet-enterprises-india-ltd
SPECIALITY,speciality-restaurants-ltd
SPECTRUM,spectrum-electrical-industries-ltd
SPELS,spel-semiconductor-ltd
SPENCERS,spencer-s-retail-ltd
SPIC,southern-petrochemicals-industries-corporation-ltd
SPLIL,spl-industries-ltd
SPLPETRO,supreme-petrochem-ltd
SPMLINFRA,spml-infra-ltd
SPORTKING,sportking-india-ltd
SRD,shankar-lal-rampal-dye-chem-ltd
SREEL,sreeleathers-ltd
SRF,srf-ltd
SRGHFL,srg-housing-finance-ltd
SRHHYPOLTD,sree-rayalaseema-hi-strength-hypo-ltd
SRIKPRIND,sri-kpr-industries-ltd
SRM,srm-contractors-ltd
SRTL,shree-ram-twistex-ltd
SSDL,saraswati-saree-depot-ltd
SSWL,steel-strips-wheels-ltd
STALLION,stallion-india-fluorochemicals-ltd
STANLEY,stanley-lifestyles-ltd
STAR,strides-pharma-science-ltd
STARCEMENT,star-cement-ltd
STARHEALTH,star-health-and-allied-insurance-company-ltd
STARPAPER,star-paper-mills-ltd
STARTECK,starteck-finance-ltd
STCINDIA,the-state-trading-corporation-of-india-ltd
STEELCAS,steelcast-ltd
STEELCITY,steel-city-securities-ltd
STEELXIND,steel-exchange-india-ltd
STEL,stel-holdings-ltd
STERTOOLS,sterling-tools-ltd
STLNETWORK,stl-networks-ltd
STLSTRINF,steel-strips-infrastructures-ltd
STLTECH,sterlite-technologies-ltd
STOVEKRAFT,stove-kraft-ltd
STUDDS,studds-accessories-ltd
STYL,seshaasai-technologies-ltd
STYLAMIND,stylam-industries-ltd
STYLEBAAZA,baazar-style-retail-ltd
STYRENIX,styrenix-performance-materials-ltd
SUBEXLTD,subex-ltd
SUBROS,subros-ltd
SUDARCOLOR,sudarshan-colorants-india-ltd
SUDARSCHEM,sudarshan-chemical-industries-ltd
SUDEEPPHRM,sudeep-pharma-ltd
SUKHJITS,sukhjit-starch-chemicals-ltd
SULA,sula-vineyards-ltd
SUMEDHA,sumedha-fiscal-services-ltd
SUMEETINDS,sumeet-industries-ltd
SUMICHEM,sumitomo-chemical-india-ltd
SUMIT,sumit-woods-ltd
SUMMITSEC,summit-securities-ltd
SUNCLAY,sundaram-clayton-ltd
SUNDARAM,sundaram-multi-pap-ltd
SUNDARMFIN,sundaram-finance-ltd
SUNDRMBRAK,sundaram-brake-linings-ltd
SUNDRMFAST,sundram-fasteners-ltd
SUNDROP,sundrop-brands-ltd
SUNFLAG,sunflag-iron-and-steel-company-ltd
SUNLOC,sunil-healthcare-ltd
SUNPHARMA,sun-pharmaceutical-industries-ltd
SUNRAKSHAK,sunrakshakk-industries-india-ltd
SUNSHIEL,sunshield-chemicals-ltd
SUNTECK,sunteck-realty-ltd
SUNTV,sun-tv-network-ltd
SUPERHOUSE,superhouse-ltd
SUPERSPIN,super-spinning-mills-ltd
SUPRAJIT,suprajit-engineering-ltd
SUPREME,supreme-holdings-hospitality-india-ltd
SUPREMEENG,supreme-engineering-ltd
SUPREMEIND,supreme-industries-ltd
SUPREMEINF,supreme-infrastructure-india-ltd
SUPRIYA,supriya-lifescience-ltd
SUPTANERY,super-tannery-ltd
SURAJEST,suraj-estate-developers-ltd
SURAJLTD,suraj-ltd
SURAKSHA,suraksha-diagnostic-ltd
SURANASOL,surana-solar-ltd
SURANAT&P,surana-telecom-and-power-ltd
SURYALA,suryalata-spinning-mills-ltd
SURYALAXMI,suryalakshmi-cotton-mills-ltd
SURYAROSNI,surya-roshni-ltd
SURYODAY,suryoday-small-finance-bank-ltd
SUTLEJTEX,sutlej-textiles-and-industries-ltd
SUVEN,suven-life-sciences-ltd
SUVIDHAA,suvidhaa-infoserve-ltd
SUYOG,suyog-telematics-ltd
SUZLON,suzlon-energy-ltd
SVGLOBAL,s-v-global-mill-ltd
SVLL,shree-vasu-logistics-ltd
SVPGLOB,svp-global-textiles-ltd
SWANCORP,swan-corp-ltd
SWANDEF,swan-defence-and-heavy-industries-ltd
SWARAJ,swaraj-suiting-ltd
SWARAJENG,swaraj-engines-ltd
SWARNSAR,swarnsarita-jewels-india-ltd
SWELECTES,swelect-energy-systems-ltd
SWIGGY,swiggy-ltd
SWISSMLTRY,swiss-military-consumer-goods-ltd
SWSOLAR,sterling-and-wilson-renewable-energy-ltd
SYMPHONY,symphony-ltd
SYNCOMF,syncom-formulations-india-ltd
SYNGENE,syngene-international-ltd
SYRMA,syrma-sgs-technology-ltd
SYSTMTXC,systematix-corporate-services-ltd
TAALTECH,taal-tech-ltd
TAINWALCHM,tainwala-chemical-and-plastic-i-ltd
TAJGVK,taj-gvk-hotels-resorts-ltd
TAKE,take-ltd
TALBROAUTO,talbros-automotive-components-ltd
TAMBOLIIN,tamboli-industries-ltd
TANAA,taneja-aerospace-aviation-ltd
TANLA,tanla-platforms-ltd
TARACHAND,tara-chand-infralogistic-solutions-ltd
TARAPUR,tarapur-transformers-ltd
TARC,tarc-ltd
TARIL,transformers-and-rectifiers-india-ltd
TARMAT,tarmat-ltd
TARSONS,tarsons-products-ltd
TASTYBITE,tasty-bite-eatables-ltd
TATACAP,tata-capital-ltd
TATACHEM,tata-chemicals-ltd
TATACOMM,tata-communications-ltd
TATACONSUM,tata-consumer-products-ltd
TATAELXSI,tata-elxsi-ltd
TATAINVEST,tata-investment-corporation-ltd
TATAPOWER,tata-power-company-ltd
TATASTEEL,tata-steel-ltd
TATATECH,tata-technologies-ltd
TATVA,tatva-chintan-pharma-chem-ltd
TBOTEK,tbo-tek-ltd
TBZ,tribhovandas-bhimji-zaveri-ltd
TCC,tcc-concept-ltd
TCI,transport-corporation-of-india-ltd
TCIEXP,tci-express-ltd
TCIFINANCE,tci-finance-ltd
TCPLPACK,tcpl-packaging-ltd
TCS,tata-consultancy-services-ltd
TDPOWERSYS,td-power-systems-ltd
TEAMGTY,team-india-guaranty-ltd
TEAMLEASE,teamlease-services-ltd
TECHM,tech-mahindra-ltd
TECHNOCRAF,technocraft-ventures-ltd
TECHNOE,techno-electric-engineering-company-ltd
TECHNVISN,technvision-ventures-ltd
TECILCHEM,tecil-chemicals-and-hydro-power-ltd
TEGA,tega-industries-ltd
TEJASNET,tejas-networks-ltd
TEMBO,tembo-global-industries-ltd
TENNIND,tenneco-clean-air-india-ltd
TERAI,terai-tea-company-ltd
TERASOFT,tera-software-ltd
TEXINFRA,texmaco-infrastructure-holdings-ltd
TEXMOPIPES,texmo-pipes-and-products-ltd
TEXRAIL,texmaco-rail-engineering-ltd
TFCILTD,tourism-finance-corporation-of-india-ltd
TFL,transwarranty-finance-ltd
TGBHOTELS,tgb-banquets-and-hotels-ltd
TGVSL,tgv-sraac-ltd
THACKER,thacker-company-ltd
THAKDEV,thakkers-developers-ltd
THANGAMAYL,thangamayil-jewellery-ltd
THEINVEST,the-investment-trust-of-india-ltd
THEJO,thejo-engineering-ltd
THELEELA,leela-palaces-hotels-resorts-ltd
THEMISMED,themis-medicare-ltd
THERMAX,thermax-ltd
THOMASCOOK,thomas-cook-india-ltd
THOMASCOTT,thomas-scott-india-ltd
THYROCARE,thyrocare-technologies-ltd
TI,tilaknagar-industries-ltd
TICL,twamev-construction-and-infrastructure-ltd
TIGERLOGS,tiger-logistics-india-ltd
TIIL,technocraft-industries-india-ltd
TIINDIA,tube-investments-of-india-ltd
TIJARIA,tijaria-polypipes-ltd
TIL,til-ltd
TIMETECHNO,time-technoplast-ltd
TIMEX,timex-group-india-ltd
TIMKEN,timken-india-ltd
TINNARUBR,tinna-rubber-and-infrastructure-ltd
TIPSFILMS,tips-films-ltd
TIPSMUSIC,tips-music-ltd
TIRUMALCHM,thirumalai-chemicals-ltd
TIRUPATIFL,tirupati-forge-ltd
TITAGARH,titagarh-rail-systems-ltd
TITAN,titan-company-ltd
TMB,tamilnad-mercantile-bank-ltd
TMCV,tata-motors-ltd
TMPV,tata-motors-passenger-vehicles-ltd
TNPETRO,tamilnadu-petroproducts-ltd
TNPL,tamil-nadu-newsprint-papers-ltd
TNTELE,tamilnadu-telecommunication-ltd
TOKYOPLAST,tokyo-plast-international-ltd
TOLINS,tolins-tyres-ltd
TORNTPHARM,torrent-pharmaceuticals-ltd
TORNTPOWER,torrent-power-ltd
TOTAL,total-transport-systems-ltd
TOUCHWOOD,touchwood-entertainment-ltd
TOYAMSL,toyam-sports-ltd
TPHQ,teamo-productions-hq-ltd
TPLPLASTEH,tpl-plastech-ltd
TRACXN,tracxn-technologies-ltd
TRANSCOR,transcorp-international-ltd
TRANSPEK,transpek-industry-ltd
TRANSRAILL,transrail-lighting-ltd
TRANSWORLD,transworld-shipping-lines-ltd
TRAVELFOOD,travel-food-services-ltd
TREEHOUSE,tree-house-education-accessories-ltd
TREJHARA,trejhara-solutions-ltd
TREL,transindia-real-estate-ltd
TRENT,trent-ltd
TRF,trf-ltd
TRIDENT,trident-ltd
TRIGYN,trigyn-technologies-ltd
TRITONV,triton-valves-ltd
TRITURBINE,triveni-turbine-ltd
TRIVENI,triveni-engineering-industries-ltd
TRU,trucap-finance-ltd
TRUALT,trualt-bioenergy-ltd
TSFINV,tsf-investments-ltd
TTKHLTCARE,ttk-healthcare-ltd
TTKPRESTIG,ttk-prestige-ltd
TTL,t-t-ltd
TTML,tata-teleservices-maharashtra-ltd
TURTLEMINT,turtlemint-fintech-solutions-ltd
TUTIALKA,tuticorin-alkali-chemicals-fertilizers-ltd
TVSELECT,tvs-electronics-ltd
TVSHLTD,tvs-holdings-ltd
TVSMOTOR,tvs-motor-company-ltd
TVSSCS,tvs-supply-chain-solutions-ltd
TVSSRICHAK,tvs-srichakra-ltd
TVTODAY,tv-today-network-ltd
TVVISION,tv-vision-ltd
UBL,united-breweries-ltd
UCAL,ucal-ltd
UCOBANK,uco-bank
UDAYJEW,uday-jewellery-industries-ltd
UDS,updater-services-ltd
UEL,ujaas-energy-ltd
UFBL,united-foodbrands-ltd
UFLEX,uflex-ltd
UFO,ufo-moviez-india-ltd
UGARSUGAR,the-ugar-sugar-works-ltd
UGROCAP,ugro-capital-ltd
UJJIVANSFB,ujjivan-small-finance-bank-ltd
ULTRACEMCO,ultratech-cement-ltd
ULTRAMAR,ultramarine-pigments-ltd
UMAEXPORTS,uma-exports-ltd
UMESLTD,usha-martin-education-solutions-ltd
UMIYA-MRO,umiya-buildcon-ltd
UNICHEMLAB,unichem-laboratories-ltd
UNIDT,united-drilling-tools-ltd
UNIECOM,unicommerce-esolutions-ltd
UNIENTER,uniphos-enterprises-ltd
UNIINFO,uniinfo-telecom-services-ltd
UNIMECH,unimech-aerospace-and-manufacturing-ltd
UNIONBANK,union-bank-of-india
UNIPARTS,uniparts-india-ltd
UNITDSPR,united-spirits-ltd
UNITECH,unitech-ltd
UNITEDPOLY,united-polyfab-gujarat-ltd
UNITEDTEA,the-united-nilgiri-tea-estates-company-ltd
UNIVASTU,univastu-india-ltd
UNIVCABLES,universal-cables-ltd
UNIVPHOTO,universus-photo-imagings-ltd
UNOMINDA,uno-minda-ltd
UPHOT,u-p-hotels-ltd
UPL,upl-ltd
URAVIDEF,uravi-defence-and-technology-ltd
URBANCO,urban-company-ltd
URJA,urja-global-ltd
USHAMART,usha-martin-ltd
USK,udayshivakumar-infra-ltd
UTIAMC,uti-asset-management-company-ltd
UTKARSHBNK,utkarsh-small-finance-bank-ltd
UTLSOLAR,fujiyama-power-systems-ltd
UTTAMSUGAR,uttam-sugar-mills-ltd
UYFINCORP,u-y-fincorp-ltd
V2RETAIL,v2-retail-ltd
VADILALIND,vadilal-industries-ltd
VADILENT,vadilal-enterprises-ltd
VAIBHAVGBL,vaibhav-global-ltd
VAISHALI,vaishali-pharma-ltd
VAKRANGEE,vakrangee-ltd
VALIANTLAB,valiant-laboratories-ltd
VALIANTORG,valiant-organics-ltd
VAML,vedanta-aluminium-metal-ltd
VARDHACRLC,vardhman-acrylics-ltd
VARDMNPOLY,vardhman-polytex-ltd
VARROC,varroc-engineering-ltd
VASCONEQ,vascon-engineers-ltd
VASUPRADA,shri-vasuprada-plantations-ltd
VASWANI,vaswani-industries-ltd
VBL,varun-beverages-ltd
VCL,vaxtex-cotfab-ltd
VEDAVAAG,vedavaag-systems-ltd
VEDL,vedanta-ltd
VEDPOWER,vedanta-power-ltd
VEEDOL,veedol-corporation-ltd
VELJAN,veljan-denison-ltd
VENKEYS,venky-s-india-ltd
VENTIVE,ventive-hospitality-ltd
VENUSPIPES,venus-pipes-tubes-ltd
VENUSREM,venus-remedies-ltd
VERANDA,veranda-learning-solutions-ltd
VERTOZ,vertoz-ltd
VESUVIUS,vesuvius-india-ltd
VETO,veto-switchgears-and-cables-ltd
VGCL,vibrant-global-capital-ltd
VGL,varvee-global-ltd
VGUARD,v-guard-industries-ltd
VHL,vardhman-holdings-ltd
VHLTD,viceroy-hotels-ltd
VIDHIING,vidhi-specialty-food-ingredients-ltd
VIDYAWIRES,vidya-wires-ltd
VIJAYA,vijaya-diagnostic-centre-ltd
VIJIFIN,viji-finance-ltd
VIJSOLX,vijay-solvex-ltd
VIKASECO,vikas-ecotech-ltd
VIKASLIFE,vikas-lifecare-ltd
VIKRAMSOLR,vikram-solar-ltd
VIKRAN,vikran-engineering-ltd
VIMTALABS,vimta-labs-ltd
VINATIORGA,vinati-organics-ltd
VINCOFE,vintage-coffee-and-beverages-ltd
VINDHYATEL,vindhya-telelinks-ltd
VINEETLAB,vineet-laboratories-ltd
VINNY,vinny-overseas-ltd
VINYLINDIA,vinyl-chemicals-india-ltd
VIPCLOTHNG,vip-clothing-ltd
VIPIND,vip-industries-ltd
VIPULLTD,vipul-ltd
VIRAT,virat-industries-ltd
VIRINCHI,virinchi-ltd
VIRTUALG,virtual-global-education-ltd
VISACHROME,visa-chrome-ltd
VISAKAIND,visaka-industries-ltd
VISHAL,vishal-fabrics-ltd
VISHNU,vishnu-chemicals-ltd
VISHWARAJ,vishwaraj-sugar-industries-ltd
VISL,vedanta-iron-and-steel-ltd
VITAL,vital-chemtech-ltd
VIVIANA,viviana-power-tech-ltd
VIVIDHA,visagar-polytex-ltd
VIVIMEDLAB,vivimed-labs-ltd
VIVOBIOT,vivo-bio-tech-ltd
VIYASH,viyash-scientific-ltd
VLEGOV,vl-e-governance-it-solutions-ltd
VLSFINANCE,vls-finance-ltd
VMART,v-mart-retail-ltd
VMM,vishal-mega-mart-ltd
VMSTMT,vms-tmt-ltd
VOEPL,virtuoso-optoelectronics-ltd
VOGL,vedanta-oil-and-gas-ltd
VOITHPAPR,voith-paper-fabrics-india-ltd
VOLTAMP,voltamp-transformers-ltd
VOLTAS,voltas-ltd
VPRPL,vishnu-prakash-r-punglia-ltd
VRAJ,vraj-iron-and-steel-ltd
VRLLOG,vrl-logistics-ltd
VSSL,vardhman-special-steels-ltd
VSTIND,vst-industries-ltd
VSTL,vibhor-steel-tubes-ltd
VSTTILLERS,v-s-t-tillers-tractors-ltd
VTL,vardhman-textiles-ltd
VTMLTD,vtm-ltd
WAAREEENER,waaree-energies-ltd
WAAREEINDO,indosolar-ltd
WAAREERTL,waaree-renewable-technologies-ltd
WABAG,va-tech-wabag-ltd
WAKEFIT,wakefit-innovations-ltd
WALCHANNAG,walchandnagar-industries-ltd
WANBURY,wanbury-ltd
WARDINMOBI,wardwizard-innovations-mobility-ltd
WATERBASE,waterbase-ltd
WCIL,western-carriers-india-ltd
WEALTH,wealth-first-portfolio-managers-ltd
WEBELSOLAR,websol-energy-system-ltd
WEIZMANIND,weizmann-ltd
WEL,wonder-electricals-ltd
WELCORP,welspun-corp-ltd
WELENT,welspun-enterprises-ltd
WELINV,welspun-investments-and-commercials-ltd
WELSPLSOL,welspun-specialty-solutions-ltd
WELSPUNLIV,welspun-living-ltd
WENDT,wendt-india-ltd
WESTLIFE,westlife-foodworld-ltd
WEWIN,we-win-ltd
WEWORK,wework-india-management-ltd
WHBRADY,wh-brady-company-ltd
WHEELS,wheels-india-ltd
WHIRLPOOL,whirlpool-of-india-ltd
WILLAMAGOR,williamson-magor-company-ltd
WINDLAS,windlas-biotech-ltd
WINDMACHIN,windsor-machines-ltd
WIPL,the-western-india-plywoods-ltd
WIPRO,wipro-ltd
WOCKPHARMA,wockhardt-ltd
WONDERLA,wonderla-holidays-ltd
WORTHPERI,worth-peripherals-ltd
WPIL,wpil-ltd
WSI,w-s-industries-i-ltd
WSTCSTPAPR,west-coast-paper-mills-ltd
XCHANGING,xchanging-solutions-ltd
XELPMOC,xelpmoc-design-and-tech-ltd
XPROINDIA,xpro-india-ltd
XTGLOBAL,xtglobal-infotech-ltd
XTRANET,xtranet-technologies-ltd
YASHO,yasho-industries-ltd
YATHARTH,yatharth-hospital-trauma-care-services-ltd
YATRA,yatra-online-ltd
YESBANK,yes-bank-ltd
YOGI,yogi-ltd
YUKEN,yuken-india-ltd
ZAGGLE,zaggle-prepaid-ocean-services-ltd
ZEEL,zee-entertainment-enterprises-ltd
ZEELEARN,zee-learn-ltd
ZEEMEDIA,zee-media-corporation-ltd
ZENITHEXPO,zenith-exports-ltd
ZENITHSTL,zenith-steel-pipes-industries-ltd
ZENSARTECH,zensar-technologies-ltd
ZENTEC,zen-technologies-ltd
ZFCVINDIA,zf-commercial-vehicle-control-systems-india-ltd
ZFSTEERING,zf-steering-gear-india-ltd
ZIMLAB,zim-laboratories-ltd
ZODIAC,zodiac-energy-ltd
ZODIACLOTH,zodiac-clothing-company-ltd
ZOTA,zota-health-care-ltd
ZSARACOM,saraswati-commercial-india-ltd
ZUARI,zuari-agro-chemicals-ltd
ZUARIIND,zuari-industries-ltd
ZYDUSLIFE,zydus-lifesciences-ltd
ZYDUSWELL,zydus-wellness-ltd
